"Date","Tmax","Tmin","Sun","Rain","TmaxAvg","RainyDays"
06/06/84,32.2,20.6,569,0,29,0
06/07/84,31.7,21.1,567,0,30.32,0
06/08/84,31.7,19.4,743,0,30.78,0
06/09/84,31.7,19.4,782,0,30.68,0
06/10/84,31.1,17.8,873,0,31.46,0
06/11/84,32.2,19.4,866,0,31.68,0
06/12/84,32.2,20,835,0,31.68,0
06/13/84,32.2,18.9,874,0,31.78,0
06/14/84,32.8,20.6,731,0,31.88,0
06/15/84,31.1,20,740,0,32.1,0
06/16/84,28.3,19.4,131,1,32.1,0
06/17/84,30.6,19.4,144,1,31.32,1
06/18/84,33.3,20,462,0,31,2
06/19/84,34.4,21.1,372,1,31.22,2
06/20/84,31.1,20,224,1,31.54,3
06/21/84,27.8,19.4,167,0,31.54,4
06/22/84,28.3,17.8,723,0,31.44,3
06/23/84,28.3,16.7,455,0,30.98,2
06/24/84,26.7,18.9,285,1,29.98,2
06/25/84,30,16.1,772,0,28.44,2
06/26/84,30,13.3,868,0,28.22,1
06/27/84,31.1,15.6,708,0,28.66,1
06/28/84,30.6,17.8,414,1,29.22,1
06/29/84,28.9,16.1,235,1,29.68,2
06/30/84,29.4,18.9,522,1,30.12,2
07/01/84,28.9,17.8,787,0,30,3
07/02/84,28.9,18.9,498,1,29.78,3
07/03/84,30,17.8,801,0,29.34,4
07/04/84,31.1,19.4,629,0,29.22,3
07/05/84,31.7,19.4,460,1,29.66,2
07/06/84,29.4,19.4,347,1,30.12,2
07/07/84,30.6,20.6,595,1,30.22,3
07/08/84,25,13.3,812,0,30.56,3
07/09/84,27.2,11.7,657,0,29.56,3
07/10/84,31.1,20,473,0,28.78,3
07/11/84,34.4,21.7,704,0,28.66,2
07/12/84,32.8,22.8,572,1,29.66,1
07/13/84,27.8,20.6,97,1,30.1,1
07/14/84,29.4,20.6,251,1,30.66,2
07/15/84,30.6,19.4,341,0,31.1,3
07/16/84,29.4,20,122,1,31,3
07/17/84,26.7,20,45,1,30,4
07/18/84,27.8,18.9,267,1,28.78,4
07/19/84,28.9,17.8,730,1,28.78,4
07/20/84,28.9,18.9,474,0,28.68,4
07/21/84,27.8,18.9,496,1,28.34,4
07/22/84,25.6,20,155,1,28.02,4
07/23/84,29.4,20,450,1,27.8,4
07/24/84,31.7,20.6,559,1,28.12,4
07/25/84,30,21.7,423,1,28.68,4
07/26/84,30,20,362,1,28.9,5
07/27/84,30,19.4,284,1,29.34,5
07/28/84,23.3,18.9,50,1,30.22,5
07/29/84,19.4,17.2,0,1,29,5
07/30/84,25,17.2,206,0,26.54,5
07/31/84,23.9,18.3,40,1,25.54,4
08/01/84,30.6,22.8,329,1,24.32,4
08/02/84,31.1,21.7,433,1,24.44,4
08/03/84,32.8,22.2,676,0,26,4
08/04/84,32.8,21.7,802,0,28.68,3
08/05/84,32.8,21.1,762,0,30.24,3
08/06/84,32.8,21.1,712,0,32.02,2
08/07/84,32.8,22.2,718,0,32.46,1
08/08/84,32.2,20.6,566,0,32.8,0
08/09/84,32.8,21.7,451,0,32.68,0
08/10/84,30,21.7,94,1,32.68,0
08/11/84,30,21.1,80,1,32.12,1
08/12/84,29.4,20,200,1,31.56,2
08/13/84,29.4,21.7,227,1,30.88,3
08/14/84,30.6,22.2,364,1,30.32,4
08/15/84,30.6,21.7,606,0,29.88,5
08/16/84,31.7,18.9,658,0,30,4
08/17/84,30.6,18.3,673,0,30.34,3
08/18/84,30.6,18.9,526,1,30.58,2
08/19/84,29.4,20,607,1,30.82,2
08/20/84,27.8,18.3,739,0,30.58,2
08/21/84,27.8,14.4,765,0,30.02,2
08/22/84,29.4,15,772,0,29.24,2
08/23/84,30,16.7,496,1,29,2
08/24/84,27.8,17.8,656,1,28.88,2
08/25/84,27.2,15,719,0,28.56,2
08/26/84,27.8,13.3,777,0,28.44,2
08/27/84,28.3,14.4,722,0,28.44,2
08/28/84,28.3,17.8,583,1,28.22,2
08/29/84,28.9,18.9,459,1,27.88,2
08/30/84,30.6,18.9,646,1,28.1,2
08/31/84,29.4,17.8,712,1,28.78,3
06/06/85,28.3,18.9,501,1,32.34,1
06/07/85,25,18.9,404,1,31.44,2
06/08/85,28.3,17.2,713,1,30.22,3
06/09/85,32.2,17.2,868,0,29.66,4
06/10/85,34.4,21.1,692,0,29.54,4
06/11/85,32.8,21.7,646,1,29.64,3
06/12/85,29.4,16.7,536,1,30.54,3
06/13/85,23.9,11.1,837,0,31.42,3
06/14/85,25.6,7.8,809,0,30.54,2
06/15/85,28.9,14.4,628,1,29.22,2
06/16/85,27.2,18.3,263,1,28.12,3
06/17/85,31.1,17.8,769,0,27,3
06/18/85,31.1,20,490,1,27.34,2
06/19/85,28.3,18.9,462,1,28.78,3
06/20/85,27.8,15,783,0,29.32,4
06/21/85,28.9,13.9,797,0,29.1,3
06/22/85,29.4,16.7,679,0,29.44,2
06/23/85,30,17.8,592,0,29.1,2
06/24/85,32.8,19.4,702,0,28.88,1
06/25/85,30.6,19.4,740,0,29.78,0
06/26/85,30,18.3,825,0,30.34,0
06/27/85,25,11.7,689,0,30.56,0
06/28/85,27.8,13.3,626,0,29.68,0
06/29/85,28.9,17.2,278,1,29.24,0
06/30/85,22.8,19.4,0,1,28.46,1
07/01/85,20,18.3,0,1,26.9,2
07/02/85,27.8,18.9,510,1,24.9,3
07/03/85,30,16.1,635,0,25.46,4
07/04/85,31.7,18.3,577,1,25.9,4
07/05/85,29.4,19.4,449,1,26.46,4
07/06/85,28.9,20,359,1,27.78,4
07/07/85,30.6,19.4,501,1,29.56,4
07/08/85,32.2,17.2,781,0,30.12,4
07/09/85,32.8,19.4,572,0,30.56,4
07/10/85,35,19.4,700,1,30.78,3
07/11/85,31.7,20,568,0,31.9,3
07/12/85,32.2,20,518,0,32.46,2
07/13/85,33.3,18.9,695,1,32.78,1
07/14/85,30,19.4,417,0,33,2
07/15/85,32.8,20,499,0,32.44,2
07/16/85,32.8,20.6,283,1,32,1
07/17/85,27.8,21.1,457,0,32.22,2
07/18/85,30,18.9,585,0,31.34,2
07/19/85,31.7,16.7,840,0,30.68,1
07/20/85,33.3,20.6,805,0,31.02,1
07/21/85,33.9,22.2,610,1,31.12,1
07/22/85,32.2,21.7,310,1,31.34,1
07/23/85,25,20.6,43,1,32.22,2
07/24/85,27.2,20.6,51,1,31.22,3
07/25/85,26.7,20,17,1,30.32,4
07/26/85,30,21.7,203,1,29,5
07/27/85,25.6,20.6,0,1,28.22,5
07/28/85,25.6,20.6,24,1,26.9,5
07/29/85,26.1,21.1,66,1,27.02,5
07/30/85,30.6,21.7,258,1,26.8,5
07/31/85,31.7,21.7,450,1,27.58,5
08/01/85,31.1,18.9,270,1,27.92,5
08/02/85,26.1,17.8,372,1,29.02,5
08/03/85,26.1,14.4,618,0,29.12,5
08/04/85,26.7,12.8,738,0,29.12,4
08/05/85,27.2,14.4,664,0,28.34,3
08/06/85,27.8,18.9,272,1,27.44,2
08/07/85,30.6,18.9,609,1,26.78,2
08/08/85,26.7,20.6,127,1,27.68,2
08/09/85,30,20.6,502,1,27.8,3
08/10/85,30.6,21.1,550,0,28.46,4
08/11/85,31.7,19.4,618,0,29.14,4
08/12/85,32.8,20,353,0,29.92,3
08/13/85,33.3,21.1,676,0,30.36,2
08/14/85,32.8,21.1,714,0,31.68,1
08/15/85,31.7,20,749,0,32.24,0
08/16/85,32.8,20.6,488,1,32.46,0
08/17/85,24.4,20,3,1,32.68,1
08/18/85,29.4,20.6,151,1,31,2
08/19/85,30,20,479,1,30.22,3
08/20/85,30.6,18.9,345,1,29.66,4
08/21/85,27.8,20,189,1,29.44,5
08/22/85,26.7,17.8,404,0,28.44,5
08/23/85,26.1,15,523,0,28.9,4
08/24/85,26.1,15.6,105,1,28.24,3
08/25/85,29.4,19.4,218,1,27.46,3
08/26/85,29.4,20,176,1,27.22,3
08/27/85,30,19.4,394,0,27.54,3
08/28/85,28.9,18.9,426,0,28.2,3
08/29/85,31.1,17.8,690,0,28.76,3
08/30/85,29.4,19.4,478,1,29.76,2
08/31/85,28.3,17.8,690,0,29.76,2
06/06/86,30.6,17.8,541,1,29.14,0
06/07/86,33.3,21.1,322,1,28.92,1
06/08/86,32.8,20,604,1,29.24,2
06/09/86,30,20,828,0,31.02,3
06/10/86,30,18.3,632,0,31.46,3
06/11/86,32.2,20,286,0,31.34,3
06/12/86,36.1,23.9,729,0,31.66,2
06/13/86,32.2,22.2,707,0,32.22,1
06/14/86,30.6,20,469,0,32.1,0
06/15/86,30,20,293,1,32.22,0
06/16/86,31.7,22.2,490,1,32.22,1
06/17/86,34.4,22.2,574,0,32.12,2
06/18/86,29.4,17.8,750,0,31.78,2
06/19/86,32.8,15,806,0,31.22,2
06/20/86,33.3,20,570,0,31.66,2
06/21/86,28.9,17.2,854,0,32.32,1
06/22/86,32.2,14.4,780,0,31.76,0
06/23/86,37.8,20,664,1,31.32,0
06/24/86,33.9,22.2,270,1,33,1
06/25/86,33.3,21.1,790,0,33.22,2
06/26/86,30.6,18.9,334,0,33.22,2
06/27/86,35,20.6,370,0,33.56,2
06/28/86,36.7,21.7,539,1,34.12,2
06/29/86,34.4,21.1,254,1,33.9,2
06/30/86,34.4,22.8,485,1,34,2
07/01/86,28.9,21.7,98,1,34.22,3
07/02/86,33.9,22.2,221,1,33.88,4
07/03/86,29.4,17.2,700,0,33.66,5
07/04/86,30.6,15.6,613,0,32.2,4
07/05/86,31.7,17.2,773,0,31.44,3
07/06/86,33.9,18.9,815,0,30.9,2
07/07/86,36.7,23.9,715,0,31.9,1
07/08/86,37.2,25.6,599,0,32.46,0
07/09/86,37.2,23.3,443,1,34.02,0
07/10/86,32.2,20.6,300,1,35.34,1
07/11/86,35.6,20.6,652,0,35.44,2
07/12/86,36.7,22.2,742,1,35.78,2
07/13/86,36.1,21.7,669,0,35.78,3
07/14/86,35.6,20.6,822,0,35.56,3
07/15/86,31.7,21.1,472,1,35.24,2
07/16/86,33.9,22.2,447,1,35.14,2
07/17/86,35.6,22.2,540,0,34.8,3
07/18/86,37.2,22.8,623,0,34.58,2
07/19/86,37.2,22.2,683,0,34.8,2
07/20/86,36.1,22.8,517,0,35.12,2
07/21/86,35,21.7,287,1,36,1
07/22/86,35,21.1,742,1,36.22,1
07/23/86,30.6,22.2,271,1,36.1,2
07/24/86,32.2,22.2,493,0,34.78,3
07/25/86,33.3,23.3,582,0,33.78,3
07/26/86,33.9,21.1,602,1,33.22,3
07/27/86,33.9,20.6,527,1,33,3
07/28/86,33.3,21.1,173,0,32.78,3
07/29/86,36.1,23.3,577,1,33.32,2
07/30/86,31.1,19.4,762,0,34.1,3
07/31/86,32.2,16.7,753,0,33.66,3
08/01/86,33.3,18.9,714,0,33.32,2
08/02/86,33.9,21.1,474,1,33.2,1
08/03/86,29.4,21.7,0,1,33.32,2
08/04/86,29.4,20.6,278,0,31.98,2
08/05/86,30.6,21.7,287,0,31.64,2
08/06/86,31.7,20,124,0,31.32,2
08/07/86,31.7,21.1,210,0,31,2
08/08/86,33.3,20.6,541,0,30.56,1
08/09/86,32.8,22.8,283,1,31.34,0
08/10/86,33.9,21.7,511,1,32.02,1
08/11/86,33.9,21.7,524,1,32.68,2
08/12/86,24.4,21.1,1,1,33.12,3
08/13/86,25.6,20.6,33,1,31.66,4
08/14/86,28.9,21.1,324,0,30.12,5
08/15/86,31.1,21.7,288,1,29.34,4
08/16/86,31.7,21.1,599,1,28.78,4
08/17/86,30.6,22.8,252,1,28.34,4
08/18/86,29.4,20.6,210,1,29.58,4
08/19/86,27.8,20.6,62,1,30.34,4
08/20/86,26.1,21.1,60,1,30.12,5
08/21/86,31.1,21.7,359,0,29.12,5
08/22/86,26.7,18.3,122,1,29,4
08/23/86,29.4,16.7,645,1,28.22,4
08/24/86,29.4,18.3,501,1,28.22,4
08/25/86,27.8,15,754,0,28.54,4
08/26/86,30.6,16.1,725,0,28.88,3
08/27/86,32.8,21.1,240,1,28.78,3
08/28/86,23.3,11.1,25,1,30,3
08/29/86,21.1,9.4,763,0,28.78,3
08/30/86,21.1,10.6,49,0,27.12,2
08/31/86,25,14.4,359,0,25.78,2
06/06/87,30.6,13.9,870,0,30.46,3
06/07/87,32.2,15,855,0,30.36,2
06/08/87,32.8,18.3,827,0,30.24,2
06/09/87,32.2,19.4,631,0,30.02,1
06/10/87,26.7,13.9,697,0,31.12,0
06/11/87,26.7,12.8,628,0,30.9,0
06/12/87,33.3,18.9,404,0,30.12,0
06/13/87,25.6,20.6,0,1,30.34,0
06/14/87,29.4,20.6,362,0,28.9,1
06/15/87,31.1,21.1,384,0,28.34,1
06/16/87,30.6,21.1,213,1,29.22,1
06/17/87,30,20.6,387,1,30,2
06/18/87,28.3,20,19,1,29.34,3
06/19/87,27.2,18.9,131,1,29.88,3
06/20/87,32.2,21.7,512,1,29.44,4
06/21/87,33.3,21.7,385,0,29.66,5
06/22/87,32.2,23.9,256,1,30.2,4
06/23/87,33.3,21.7,508,1,30.64,4
06/24/87,28.3,19.4,224,1,31.64,4
06/25/87,28.9,18.3,204,1,31.86,4
06/26/87,30,20,304,1,31.2,4
06/27/87,31.1,20.6,548,0,30.54,5
06/28/87,29.4,14.4,852,0,30.32,4
06/29/87,31.7,13.9,874,0,29.54,3
06/30/87,32.8,20.6,514,0,30.22,2
07/01/87,32.2,23.3,213,1,31,1
07/02/87,31.7,22.8,336,1,31.44,1
07/03/87,31.7,22.2,314,1,31.56,2
07/04/87,30.6,22.8,243,1,32.02,3
07/05/87,32.2,22.2,377,0,31.8,4
07/06/87,34.4,22.2,526,0,31.68,4
07/07/87,35,23.3,665,0,32.12,3
07/08/87,35.6,21.7,688,1,32.78,2
07/09/87,36.7,22.8,593,0,33.56,2
07/10/87,35,22.2,468,0,34.78,1
07/11/87,33.9,22.8,311,1,35.34,1
07/12/87,32.8,21.1,106,1,35.24,2
07/13/87,33.3,19.4,502,1,34.8,3
07/14/87,31.7,20.6,352,1,34.34,3
07/15/87,23.3,19.4,67,1,33.34,4
07/16/87,30.6,18.9,659,0,31,5
07/17/87,29.4,18.3,533,0,30.34,4
07/18/87,30.6,15.6,746,0,29.66,3
07/19/87,33.9,18.3,623,0,29.12,2
07/20/87,35,20,856,0,29.56,1
07/21/87,37.2,20.6,630,0,31.9,0
07/22/87,37.2,22.8,774,0,33.22,0
07/23/87,36.7,21.7,820,0,34.78,0
07/24/87,35.6,23.9,689,0,36,0
07/25/87,35,22.2,517,0,36.34,0
07/26/87,36.1,22.8,331,0,36.34,0
07/27/87,35,22.2,598,1,36.12,0
07/28/87,33.9,22.8,193,0,35.68,1
07/29/87,30.6,19.4,389,1,35.12,1
07/30/87,31.7,19.4,339,0,34.12,2
07/31/87,34.4,22.2,441,1,33.46,2
08/01/87,33.3,21.1,411,1,33.12,3
08/02/87,32.2,21.1,193,0,32.78,3
08/03/87,35.6,23.3,322,0,32.44,3
08/04/87,34.4,23.9,276,1,33.44,2
08/05/87,35.6,23.9,460,0,33.98,3
08/06/87,31.7,22.8,372,1,34.22,2
08/07/87,27.8,21.7,185,1,33.9,2
08/08/87,32.8,19.4,436,0,33.02,3
08/09/87,33.3,23.3,130,0,32.46,3
08/10/87,35,23.9,431,1,32.24,2
08/11/87,30,21.7,108,1,32.12,3
08/12/87,30.6,17.8,552,0,31.78,3
08/13/87,29.4,17.8,794,0,32.34,2
08/14/87,30.6,15.6,259,1,31.66,2
08/15/87,24.4,21.7,0,1,31.12,3
08/16/87,30,21.1,200,1,29,3
08/17/87,33.9,21.1,733,0,29,3
08/18/87,35,22.2,627,0,29.66,3
08/19/87,32.8,22.2,201,1,30.78,3
08/20/87,32.8,21.1,476,0,31.22,3
08/21/87,29.4,21.1,85,1,32.9,2
08/22/87,32.8,20.6,360,1,32.78,2
08/23/87,30.6,21.7,459,1,32.56,3
08/24/87,26.7,17.2,330,0,31.68,4
08/25/87,26.7,17.2,158,1,30.46,3
08/26/87,32.2,19.4,256,0,29.24,4
08/27/87,34.4,23.9,220,0,29.8,3
08/28/87,35.6,23.3,531,1,30.12,2
08/29/87,31.7,21.7,290,1,31.12,2
08/30/87,24.4,20.6,4,0,32.12,3
08/31/87,25.6,18.9,0,1,31.66,2
06/06/88,32.8,11.7,866,0,25.34,2
06/07/88,34.4,17.2,837,0,25.12,2
06/08/88,33.9,17.8,791,0,26,1
06/09/88,25,12.2,67,1,29.66,0
06/10/88,22.2,11.7,398,0,30.22,1
06/11/88,23.9,10.6,825,0,29.66,1
06/12/88,27.8,9.4,807,0,27.88,1
06/13/88,30,13.3,874,0,26.56,1
06/14/88,30.6,15,875,0,25.78,1
06/15/88,30.6,16.1,855,0,26.9,0
06/16/88,31.7,16.1,786,0,28.58,0
06/17/88,31.1,18.9,508,1,30.14,0
06/18/88,30.6,18.3,570,1,30.8,1
06/19/88,31.1,20.6,530,1,30.92,2
06/20/88,32.8,20,626,1,31.02,3
06/21/88,33.9,18.9,656,0,31.46,4
06/22/88,35.6,21.7,628,0,31.9,4
06/23/88,36.7,22.2,646,1,32.8,3
06/24/88,26.7,20,0,1,34.02,3
06/25/88,27.8,16.7,409,0,33.14,3
06/26/88,35.6,20,401,1,32.14,2
06/27/88,26.1,14.4,733,0,32.48,3
06/28/88,28.3,11.7,858,0,30.58,3
06/29/88,31.1,16.7,672,1,28.9,2
06/30/88,22.8,14.4,286,1,29.78,2
07/01/88,26.1,13.3,858,0,28.78,3
07/02/88,28.3,10.6,846,0,26.88,2
07/03/88,28.9,15.6,618,0,27.32,2
07/04/88,28.9,15.6,374,0,27.44,2
07/05/88,28.9,16.1,808,0,27,1
07/06/88,31.1,15,784,0,28.22,0
07/07/88,36.1,17.2,612,0,29.22,0
07/08/88,33.3,19.4,454,0,30.78,0
07/09/88,34.4,18.9,595,0,31.66,0
07/10/88,35,22.8,50,1,32.76,0
07/11/88,35,22.2,444,0,33.98,1
07/12/88,28.9,21.7,26,1,34.76,1
07/13/88,32.2,20.6,407,1,33.32,2
07/14/88,33.3,21.1,552,0,33.1,3
07/15/88,35,22.8,491,0,32.88,3
07/16/88,36.1,23.3,641,0,32.88,2
07/17/88,36.1,22.8,727,0,33.1,2
07/18/88,35.6,23.3,426,1,34.54,1
07/19/88,35,23.3,508,1,35.22,1
07/20/88,30.6,23.3,182,0,35.56,2
07/21/88,32.8,21.7,561,1,34.68,2
07/22/88,27.2,21.1,63,1,34.02,3
07/23/88,28.3,21.7,124,1,32.24,4
07/24/88,33.3,21.1,410,0,30.78,4
07/25/88,32.2,18.9,581,0,30.44,3
07/26/88,31.1,20.6,398,0,30.76,3
07/27/88,31.1,21.1,57,1,30.42,2
07/28/88,31.7,19.4,268,1,31.2,2
07/29/88,33.3,19.4,341,1,31.88,2
07/30/88,33.9,21.7,460,1,31.88,3
07/31/88,34.4,22.2,473,0,32.22,4
08/01/88,33.9,21.1,580,0,32.88,4
08/02/88,33.3,21.7,599,0,33.44,3
08/03/88,32.2,22.8,400,1,33.76,2
08/04/88,32.2,22.8,475,1,33.54,2
08/05/88,31.7,21.1,550,0,33.2,2
08/06/88,33.3,20,537,1,32.66,2
08/07/88,32.8,21.7,369,1,32.54,3
08/08/88,33.9,21.1,572,0,32.44,4
08/09/88,33.3,21.1,448,0,32.78,3
08/10/88,31.1,22.8,4,0,33,2
08/11/88,30.6,22.8,307,1,32.88,2
08/12/88,33.3,21.1,765,0,32.34,2
08/13/88,32.8,21.1,740,0,32.44,1
08/14/88,32.2,20.6,454,1,32.22,1
08/15/88,33.9,22.8,504,0,32,2
08/16/88,35.6,22.2,489,0,32.56,2
08/17/88,37.2,21.7,750,0,33.56,1
08/18/88,40.6,22.2,796,0,34.34,1
08/19/88,39.4,25,571,0,35.9,1
08/20/88,33.9,22.8,127,1,37.34,0
08/21/88,30,22.2,43,1,37.34,1
08/22/88,27.8,18.3,444,0,36.22,2
08/23/88,30,16.7,630,1,34.34,2
08/24/88,32.2,20.6,308,1,32.22,3
08/25/88,32.8,19.4,696,0,30.78,4
08/26/88,33.3,16.7,755,0,30.56,3
08/27/88,31.1,21.1,516,0,31.22,2
08/28/88,30,21.1,0,1,31.88,2
08/29/88,31.1,22.8,146,1,31.88,2
08/30/88,27.8,20,372,1,31.66,2
08/31/88,26.7,17.8,285,1,30.66,3
06/06/89,27.8,19.4,259,1,33.44,3
06/07/89,26.7,18.3,199,1,32,4
06/08/89,28.9,18.3,438,1,30.34,4
06/09/89,28.9,20.6,331,1,29.68,5
06/10/89,30,18.9,733,0,28.9,5
06/11/89,27.8,15,873,0,28.46,4
06/12/89,29.4,17.2,223,1,28.46,3
06/13/89,31.1,18.9,664,1,29,3
06/14/89,32.8,20,838,0,29.44,3
06/15/89,32.8,20.6,691,1,30.22,2
06/16/89,29.4,18.9,379,1,30.78,3
06/17/89,26.7,18.9,263,1,31.1,4
06/18/89,30,19.4,751,0,30.56,4
06/19/89,31.1,19.4,634,0,30.34,3
06/20/89,28.3,21.1,248,1,30,3
06/21/89,26.1,20.6,253,1,29.1,3
06/22/89,29.4,20,649,0,28.44,3
06/23/89,31.1,20,387,1,28.98,2
06/24/89,30.6,20,523,1,29.2,3
06/25/89,31.1,20,485,0,29.1,4
06/26/89,32.8,20.6,457,0,29.66,3
06/27/89,33.3,22.8,466,0,31,2
06/28/89,32.8,21.1,512,1,31.78,2
06/29/89,28.9,19.4,542,1,32.12,2
06/30/89,27.8,17.2,819,0,31.78,2
07/01/89,27.8,16.1,795,0,31.12,2
07/02/89,29.4,15.6,600,0,30.12,2
07/03/89,27.8,19.4,148,1,29.34,2
07/04/89,30,22.2,283,1,28.34,2
07/05/89,27.8,21.7,293,1,28.56,2
07/06/89,30.6,22.2,327,1,28.56,3
07/07/89,31.1,21.7,414,1,29.12,4
07/08/89,33.9,20.6,611,0,29.46,5
07/09/89,32.2,21.1,702,0,30.68,4
07/10/89,34.4,21.1,746,0,31.12,3
07/11/89,35.6,22.8,739,0,32.44,2
07/12/89,35,22.2,434,1,33.44,1
07/13/89,31.7,21.1,261,1,34.22,1
07/14/89,30,20.6,505,1,33.78,2
07/15/89,30.6,19.4,518,1,33.34,3
07/16/89,27.2,20.6,67,1,32.58,4
07/17/89,22.2,20,20,1,30.9,5
07/18/89,28.3,19.4,180,1,28.34,5
07/19/89,30.6,19.4,594,1,27.66,5
07/20/89,29.4,20.6,208,1,27.78,5
07/21/89,30,20,254,0,27.54,5
07/22/89,31.1,19.4,394,1,28.1,4
07/23/89,32.8,20,755,0,29.88,4
07/24/89,34.4,21.1,737,1,30.78,3
07/25/89,32.2,21.7,335,0,31.54,3
07/26/89,32.8,21.1,425,1,32.1,2
07/27/89,31.1,21.1,318,1,32.66,3
07/28/89,31.7,20.6,688,0,32.66,3
07/29/89,28.9,20.6,421,0,32.44,3
07/30/89,29.4,18.9,358,0,31.34,2
07/31/89,31.7,21.1,227,1,30.78,2
08/01/89,29.4,21.1,128,1,30.56,2
08/02/89,30,19.4,259,1,30.22,2
08/03/89,31.1,17.2,702,0,29.88,3
08/04/89,34.4,20,739,0,30.32,3
08/05/89,33.3,21.7,491,0,31.32,3
08/06/89,33.9,22.8,752,1,31.64,2
08/07/89,32.2,21.1,565,1,32.54,2
08/08/89,23.3,17.2,148,0,32.98,2
08/09/89,24.4,17.2,350,1,31.42,2
08/10/89,17.8,15.6,0,1,29.42,3
08/11/89,20,16.1,0,1,26.32,4
08/12/89,25,17.8,20,1,23.54,4
08/13/89,28.9,18.3,389,0,22.1,4
08/14/89,24.4,21.1,31,1,23.22,4
08/15/89,28.9,20.6,187,1,23.22,4
08/16/89,32.8,18.9,479,1,25.44,4
08/17/89,31.1,20.6,349,1,28,4
08/18/89,29.4,18.9,233,1,29.22,4
08/19/89,26.7,20,56,1,29.32,5
08/20/89,30.6,20,524,1,29.78,5
08/21/89,31.7,22.2,587,0,30.12,5
08/22/89,32.8,22.2,697,0,29.9,4
08/23/89,34.4,22.8,716,1,30.24,3
08/24/89,32.2,21.7,264,1,31.24,3
08/25/89,28.3,20.6,100,1,32.34,3
08/26/89,26.1,19.4,26,1,31.88,3
08/27/89,26.1,20,0,1,30.76,4
08/28/89,30.6,21.7,318,1,29.42,5
08/29/89,30.6,21.1,325,0,28.66,5
08/30/89,33.3,21.7,468,0,28.34,4
08/31/89,30,17.2,778,0,29.34,3
06/06/90,28.3,11.7,667,0,28,2
06/07/90,32.2,18.9,599,0,28,2
06/08/90,34.4,21.1,311,0,29,2
06/09/90,32.8,20.6,717,1,29.76,1
06/10/90,31.1,20,617,1,30.2,1
06/11/90,27.2,16.7,798,0,31.76,2
06/12/90,25,13.3,834,0,31.54,2
06/13/90,27.8,12.2,468,0,30.1,2
06/14/90,31.7,16.1,637,0,28.78,2
06/15/90,26.1,19.4,6,1,28.56,1
06/16/90,27.2,18.3,204,0,27.56,1
06/17/90,31.1,17.2,750,0,27.56,1
06/18/90,32.8,17.8,749,1,28.78,1
06/19/90,32.2,20,795,0,29.78,2
06/20/90,29.4,14.4,847,0,29.88,2
06/21/90,34.4,22.2,673,0,30.54,1
06/22/90,32.2,18.9,515,1,31.98,1
06/23/90,30.6,20.6,439,1,32.2,2
06/24/90,28.3,17.2,745,0,31.76,2
06/25/90,29.4,13.3,869,0,30.98,2
06/26/90,30.6,16.7,648,0,30.98,2
06/27/90,32.2,17.2,708,0,30.22,2
06/28/90,33.3,20.6,671,0,30.22,1
06/29/90,34.4,20.6,733,0,30.76,0
06/30/90,34.4,22.2,600,1,31.98,0
07/01/90,33.9,20,470,1,32.98,1
07/02/90,28.3,17.2,783,0,33.64,2
07/03/90,30.6,14.4,802,0,32.86,2
07/04/90,33.3,18.3,814,0,32.32,2
07/05/90,35.6,20,752,0,32.1,2
07/06/90,35,22.8,462,0,32.34,1
07/07/90,30.6,21.7,298,0,32.56,0
07/08/90,32.8,21.7,157,0,33.02,0
07/09/90,35.6,22.8,690,0,33.46,0
07/10/90,36.7,22.2,600,1,33.92,0
07/11/90,35.6,21.7,619,1,34.14,1
07/12/90,34.4,22.8,625,1,34.26,2
07/13/90,32.2,21.1,445,1,35.02,3
07/14/90,31.1,22.8,512,1,34.9,4
07/15/90,30.6,22.8,563,1,34,5
07/16/90,31.7,21.7,384,0,32.78,5
07/17/90,32.2,20,509,1,32,4
07/18/90,30.6,19.4,389,0,31.56,4
07/19/90,31.7,22.2,276,1,31.24,3
07/20/90,31.7,21.1,284,1,31.36,3
07/21/90,33.3,22.8,517,1,31.58,3
07/22/90,33.9,20.6,820,0,31.9,4
07/23/90,33.3,21.7,761,0,32.24,3
07/24/90,31.7,21.1,573,1,32.78,3
07/25/90,31.7,18.9,760,0,32.78,3
07/26/90,31.7,19.4,830,0,32.78,2
07/27/90,30.6,18.3,416,1,32.46,1
07/28/90,30.6,21.1,536,0,31.8,2
07/29/90,31.7,20,561,0,31.26,2
07/30/90,32.2,19.4,522,0,31.26,1
07/31/90,35,22.2,593,0,31.36,1
08/01/90,31.1,19.4,669,0,32.02,1
08/02/90,28.3,16.1,237,0,32.12,0
08/03/90,31.7,17.8,554,1,31.66,0
08/04/90,33.3,18.9,263,0,31.66,1
08/05/90,32.2,22.2,54,1,31.88,1
08/06/90,31.1,21.7,56,1,31.32,2
08/07/90,30,21.7,168,1,31.32,3
08/08/90,28.9,20,31,1,31.66,4
08/09/90,21.7,18.3,0,1,31.1,4
08/10/90,27.2,18.9,165,1,28.78,5
08/11/90,30.6,17.8,489,0,27.78,5
08/12/90,33.3,17.2,342,0,27.68,4
08/13/90,32.8,21.1,449,0,28.34,3
08/14/90,33.3,21.1,243,1,29.12,2
08/15/90,30.6,19.4,17,1,31.44,2
08/16/90,28.3,20,3,1,32.12,2
08/17/90,28.9,20.6,217,1,31.66,3
08/18/90,31.1,20.6,409,0,30.78,4
08/19/90,33.9,21.1,221,0,30.44,4
08/20/90,33.9,22.2,366,1,30.56,3
08/21/90,27.2,20.6,36,1,31.22,3
08/22/90,28.9,21.1,162,1,31,3
08/23/90,30,21.1,95,1,31,3
08/24/90,29.4,21.7,296,1,30.78,4
08/25/90,32.8,21.1,212,1,29.88,5
08/26/90,33.3,22.2,647,0,29.66,5
08/27/90,35,22.2,616,0,30.88,4
08/28/90,34.4,21.1,577,0,32.1,3
08/29/90,35.6,21.1,354,1,32.98,2
08/30/90,29.4,20,722,0,34.22,2
08/31/90,29.4,17.2,770,0,33.54,1
06/06/91,25,11.1,785,0,30.78,2
06/07/91,24.4,11.7,789,0,28.9,1
06/08/91,27.2,11.1,714,0,27.34,0
06/09/91,30,14.4,729,0,26.66,0
06/10/91,31.1,14.4,654,0,26.32,0
06/11/91,31.1,17.2,213,0,27.54,0
06/12/91,28.9,20,152,1,28.76,0
06/13/91,32.8,18.9,621,0,29.66,1
06/14/91,33.3,19.4,86,1,30.78,1
06/15/91,32.2,20,555,0,31.44,2
06/16/91,34.4,21.1,510,1,31.66,2
06/17/91,33.9,21.1,538,1,32.32,3
06/18/91,31.1,21.1,131,1,33.32,3
06/19/91,28.3,21.7,27,1,32.98,4
06/20/91,27.8,21.7,12,1,31.98,4
06/21/91,31.7,21.7,188,1,31.1,5
06/22/91,32.2,21.7,307,1,30.56,5
06/23/91,29.4,18.9,54,1,30.22,5
06/24/91,27.2,17.2,589,0,29.88,5
06/25/91,26.7,13.3,746,0,29.66,4
06/26/91,28.3,15.6,471,0,29.44,3
06/27/91,30,20.6,736,0,28.76,2
06/28/91,32.2,18.3,663,0,28.32,1
06/29/91,34.4,22.2,647,0,28.88,0
06/30/91,34.4,23.3,481,1,30.32,0
07/01/91,35,22.8,737,1,31.86,1
07/02/91,33.9,21.7,543,1,33.2,2
07/03/91,32.2,21.1,434,1,33.98,3
07/04/91,32.2,21.7,387,1,33.98,4
07/05/91,31.7,22.2,387,1,33.54,5
07/06/91,32.8,21.1,680,1,33,5
07/07/91,34.4,21.7,678,0,32.56,5
07/08/91,35,22.8,641,0,32.66,4
07/09/91,33.3,21.7,797,0,33.22,3
07/10/91,34.4,22.2,631,1,33.44,2
07/11/91,31.1,21.7,408,1,33.98,2
07/12/91,31.1,22.2,338,0,33.64,2
07/13/91,33.3,23.3,706,0,32.98,2
07/14/91,32.2,21.7,775,0,32.64,2
07/15/91,31.1,19.4,747,0,32.42,2
07/16/91,30,21.1,363,0,31.76,1
07/17/91,31.1,19.4,602,1,31.54,0
07/18/91,31.7,20,301,1,31.54,1
07/19/91,31.1,21.1,422,1,31.22,2
07/20/91,33.3,22.8,571,0,31,3
07/21/91,34.4,23.9,266,0,31.44,3
07/22/91,35,24.4,660,0,32.32,3
07/23/91,35.6,23.9,766,0,33.1,2
07/24/91,35,23.3,739,0,33.88,1
07/25/91,33.3,21.7,535,1,34.66,0
07/26/91,33.3,22.8,454,1,34.66,1
07/27/91,30,21.1,111,1,34.44,2
07/28/91,27.2,21.1,196,1,33.44,3
07/29/91,28.9,20.6,134,1,31.76,4
07/30/91,25,19.4,5,1,30.54,5
07/31/91,29.4,21.1,228,1,28.88,5
08/01/91,28.3,22.2,1,0,28.1,5
08/02/91,27.8,21.1,63,1,27.76,4
08/03/91,33.9,22.8,576,1,27.88,4
08/04/91,34.4,22.2,530,1,28.88,4
08/05/91,31.7,22.2,712,0,30.76,4
08/06/91,30,22.8,227,1,31.22,3
08/07/91,30.6,21.7,133,1,31.56,4
08/08/91,31.7,21.1,290,0,32.12,4
08/09/91,32.2,22.8,188,1,31.68,3
08/10/91,32.2,21.7,537,0,31.24,3
08/11/91,31.1,21.1,577,0,31.34,3
08/12/91,23.9,18.3,1,1,31.56,2
08/13/91,28.3,18.3,49,1,30.22,2
08/14/91,27.2,19.4,1,1,29.54,3
08/15/91,28.9,19.4,363,1,28.54,3
08/16/91,31.7,17.8,725,0,27.88,4
08/17/91,31.7,18.3,570,0,28,4
08/18/91,32.8,20,463,1,29.56,3
08/19/91,32.2,21.1,196,1,30.46,3
08/20/91,30,21.7,465,0,31.46,3
08/21/91,29.4,15.6,624,0,31.68,2
08/22/91,30,17.8,315,0,31.22,2
08/23/91,30.6,17.8,511,0,30.88,2
08/24/91,30.6,20.6,227,1,30.44,1
08/25/91,29.4,21.1,364,1,30.12,1
08/26/91,25.6,20,0,1,30,2
08/27/91,27.2,22.8,44,1,29.24,3
08/28/91,30.6,21.1,240,0,28.68,4
08/29/91,32.8,20.6,500,0,28.68,4
08/30/91,32.8,20.6,724,0,29.12,3
08/31/91,33.3,20,580,1,29.8,2
06/06/92,30,16.1,736,0,25.44,3
06/07/92,32.2,18.9,655,0,26.66,3
06/08/92,32.2,20.6,536,1,27.88,3
06/09/92,23.9,20.6,11,1,29.1,3
06/10/92,27.2,20,185,1,29.44,3
06/11/92,25.6,17.2,206,1,29.1,3
06/12/92,24.4,16.7,116,1,28.22,4
06/13/92,26.7,17.8,510,0,26.66,5
06/14/92,24.4,17.2,47,1,25.56,4
06/15/92,30,16.1,490,1,25.66,4
06/16/92,26.7,17.8,223,1,26.22,4
06/17/92,26.7,17.8,592,0,26.44,4
06/18/92,27.2,15.6,478,1,26.9,3
06/19/92,28.9,18.9,193,1,27,4
06/20/92,30.6,18.9,546,0,27.9,4
06/21/92,20.6,14.4,4,1,28.02,3
06/22/92,23.9,11.7,822,0,26.8,3
06/23/92,26.1,10,717,0,26.24,3
06/24/92,29.4,17.2,216,0,26.02,2
06/25/92,32.2,20,509,1,26.12,1
06/26/92,28.3,19.4,113,1,26.44,2
06/27/92,30.6,18.3,486,1,27.98,2
06/28/92,28.9,16.7,591,0,29.32,3
06/29/92,29.4,17.2,527,0,29.88,3
06/30/92,30.6,18.3,320,1,29.88,3
07/01/92,30,20.6,168,1,29.56,3
07/02/92,30.6,21.1,333,0,29.9,3
07/03/92,30,21.7,37,1,29.9,2
07/04/92,31.7,20,612,0,30.12,3
07/05/92,31.1,16.1,686,1,30.58,3
07/06/92,28.9,20.6,210,1,30.68,3
07/07/92,29.4,18.9,692,0,30.46,3
07/08/92,31.7,17.8,291,0,30.22,3
07/09/92,35,23.3,737,0,30.56,2
07/10/92,35.6,22.2,806,0,31.22,2
07/11/92,35,22.8,777,0,32.12,1
07/12/92,35.6,22.8,778,0,33.34,0
07/13/92,35.6,25,815,0,34.58,0
07/14/92,34.4,23.3,662,0,35.36,0
07/15/92,33.3,24.4,736,0,35.24,0
07/16/92,31.7,23.3,445,0,34.78,0
07/17/92,31.7,22.8,491,1,34.12,0
07/18/92,31.1,22.2,510,1,33.34,1
07/19/92,32.2,21.7,455,1,32.44,2
07/20/92,33.9,20,620,1,32,3
07/21/92,32.8,19.4,725,0,32.12,4
07/22/92,32.8,21.7,403,1,32.34,4
07/23/92,30,22.8,31,1,32.56,4
07/24/92,30,22.2,14,1,32.34,4
07/25/92,32.8,21.1,150,0,31.9,4
07/26/92,32.8,21.7,239,0,31.68,3
07/27/92,34.4,22.8,525,1,31.68,3
07/28/92,30.6,20.6,518,1,32,3
07/29/92,31.1,18.3,724,0,32.12,3
07/30/92,33.3,20.6,354,1,32.34,2
07/31/92,33.9,22.2,647,1,32.44,3
08/01/92,27.2,18.3,537,0,32.66,4
08/02/92,25,16.1,80,1,31.22,3
08/03/92,30,18.9,555,0,30.1,3
08/04/92,31.7,20.6,595,0,29.88,3
08/05/92,26.1,19.4,141,1,29.56,2
08/06/92,22.2,18.9,0,1,28,2
08/07/92,26.7,18.3,72,1,27,3
08/08/92,31.1,18.9,219,1,27.34,3
08/09/92,32.8,21.7,484,1,27.56,4
08/10/92,33.9,19.4,649,0,27.78,5
08/11/92,34.4,21.1,504,0,29.34,4
08/12/92,31.7,21.1,307,1,31.78,3
08/13/92,27.8,18.3,153,1,32.78,3
08/14/92,21.7,18.3,0,1,32.12,3
08/15/92,21.1,18.3,0,1,29.9,3
08/16/92,22.2,18.9,0,1,27.34,4
08/17/92,23.3,20,0,1,24.9,5
08/18/92,27.8,20,375,1,23.22,5
08/19/92,30.6,18.9,523,1,23.22,5
08/20/92,26.1,19.4,5,1,25,5
08/21/92,27.2,17.8,422,0,26,5
08/22/92,26.7,17.2,245,0,27,4
08/23/92,27.8,16.7,550,0,27.68,3
08/24/92,30,18.3,670,0,27.68,2
08/25/92,31.1,18.9,704,0,27.56,1
08/26/92,31.7,19.4,229,1,28.56,0
08/27/92,31.7,20.6,273,1,29.46,1
08/28/92,28.3,19.4,261,1,30.46,2
08/29/92,26.1,15,735,0,30.56,3
08/30/92,27.8,12.2,779,0,29.78,3
08/31/92,30.6,15.6,586,0,29.12,3
06/06/93,25.6,13.9,690,0,28.88,2
06/07/93,30,13.3,579,0,29.12,1
06/08/93,32.8,21.1,468,0,30,1
06/09/93,35,23.9,814,0,30.68,1
06/10/93,35,21.7,863,0,31.34,0
06/11/93,33.3,22.8,755,0,31.68,0
06/12/93,30,20.6,225,1,33.22,0
06/13/93,22.2,16.1,0,1,33.22,1
06/14/93,27.8,14.4,713,0,31.1,2
06/15/93,29.4,13.9,735,0,29.66,2
06/16/93,31.1,20,775,0,28.54,2
06/17/93,32.2,19.4,425,0,28.1,2
06/18/93,32.2,20,289,0,28.54,1
06/19/93,33.3,20,682,0,30.54,0
06/20/93,32.8,20,850,0,31.64,0
06/21/93,27.8,21.1,35,1,32.32,0
06/22/93,31.1,19.4,485,0,31.66,1
06/23/93,31.1,17.8,585,0,31.44,1
06/24/93,32.2,17.2,790,0,31.22,1
06/25/93,30.6,15.6,870,0,31,1
06/26/93,31.7,19.4,678,1,30.56,1
06/27/93,31.1,21.1,651,1,31.34,1
06/28/93,33.3,17.8,793,0,31.34,2
06/29/93,34.4,20,436,1,31.78,2
06/30/93,32.2,20,673,0,32.22,3
07/01/93,30.6,21.1,418,1,32.54,3
07/02/93,32.8,21.1,475,1,32.32,3
07/03/93,34.4,21.1,675,1,32.66,3
07/04/93,35,21.1,860,1,32.88,4
07/05/93,35,22.8,670,1,33,4
07/06/93,34.4,21.1,658,0,33.56,5
07/07/93,34.4,21.1,593,1,34.32,4
07/08/93,36.7,22.8,667,1,34.64,4
07/09/93,37.2,23.3,650,1,35.1,4
07/10/93,37.2,22.2,800,0,35.54,4
07/11/93,37.2,23.3,600,1,35.98,3
07/12/93,36.1,22.8,700,0,36.54,4
07/13/93,35.6,21.7,675,1,36.88,3
07/14/93,36.1,22.8,754,0,36.66,3
07/15/93,34.4,23.3,510,1,36.44,2
07/16/93,31.1,21.1,458,0,35.88,3
07/17/93,33.3,20,485,0,34.66,2
07/18/93,30.6,22.2,205,1,34.1,2
07/19/93,31.1,22.8,0,1,33.1,2
07/20/93,35,20.6,825,0,32.1,3
07/21/93,35,20,855,0,32.22,2
07/22/93,32.2,21.7,645,0,33,2
07/23/93,32.2,22.2,234,0,32.78,2
07/24/93,32.8,22.2,172,1,33.1,1
07/25/93,35,22.8,356,1,33.44,1
07/26/93,31.7,22.2,220,1,33.44,2
07/27/93,33.9,23.3,471,1,32.78,3
07/28/93,37.2,23.9,770,0,33.12,4
07/29/93,37.2,24.4,646,0,34.12,4
07/30/93,31.7,20.6,767,0,35,3
07/31/93,31.1,18.3,536,0,34.34,2
08/01/93,32.8,18.3,640,0,34.22,1
08/02/93,33.9,21.1,565,0,34,0
08/03/93,33.3,20,405,1,33.34,0
08/04/93,30.6,20,225,1,32.56,1
08/05/93,31.1,20.6,435,0,32.34,2
08/06/93,30.6,19.4,121,1,32.34,2
08/07/93,25,17.8,140,1,31.9,3
08/08/93,26.7,16.7,295,1,30.12,4
08/09/93,29.4,17.8,725,0,28.8,4
08/10/93,30,16.7,544,0,28.56,3
08/11/93,31.1,18.3,533,0,28.34,3
08/12/93,31.1,18.3,499,0,28.44,2
08/13/93,24.4,21.1,0,1,29.66,1
08/14/93,31.1,21.1,415,0,29.2,1
08/15/93,33.9,19.4,557,0,29.54,1
08/16/93,32.8,20,645,0,30.32,1
08/17/93,33.9,23.3,428,1,30.66,1
08/18/93,32.2,21.1,351,0,31.22,2
08/19/93,31.7,19.4,410,0,32.78,1
08/20/93,32.2,20,575,1,32.9,1
08/21/93,32.2,19.4,400,0,32.56,2
08/22/93,31.1,20,580,0,32.44,2
08/23/93,31.1,17.2,489,0,31.88,1
08/24/93,32.2,18.3,675,0,31.66,1
08/25/93,32.8,18.9,390,0,31.76,1
08/26/93,33.3,20,300,1,31.88,0
08/27/93,32.2,19.4,547,0,32.1,1
08/28/93,33.9,20.6,686,0,32.32,1
08/29/93,36.1,21.1,748,0,32.88,1
08/30/93,35.6,21.7,467,0,33.66,1
08/31/93,34.4,20.6,610,0,34.22,1
06/06/94,29.4,21.1,181,1,29.22,3
06/07/94,28.9,21.7,154,1,28.88,4
06/08/94,28.3,19.4,188,1,28.32,5
06/09/94,25.6,17.2,204,1,28.54,5
06/10/94,21.7,17.8,0,1,28.1,5
06/11/94,23.3,17.2,23,1,26.78,5
06/12/94,30.6,20,441,0,25.56,5
06/13/94,32.8,19.4,718,0,25.9,4
06/14/94,33.9,22.8,621,0,26.8,3
06/15/94,33.9,21.1,725,0,28.46,2
06/16/94,35.6,20,583,1,30.9,1
06/17/94,30.6,20,533,1,33.36,1
06/18/94,31.7,19.4,600,0,33.36,2
06/19/94,33.9,19.4,790,0,33.14,2
06/20/94,35,20,655,1,33.14,2
06/21/94,33.9,20,539,1,33.36,3
06/22/94,33.3,20.6,616,0,33.02,3
06/23/94,33.9,20.6,518,0,33.56,2
06/24/94,31.7,22.8,540,1,34,2
06/25/94,30.6,21.1,517,1,33.56,3
06/26/94,31.1,20,713,1,32.68,3
06/27/94,26.1,19.4,204,1,32.12,3
06/28/94,30,19.4,536,0,30.68,4
06/29/94,31.7,20,423,1,29.9,4
06/30/94,29.4,19.4,455,1,29.9,4
07/01/94,31.7,18.9,634,1,29.66,4
07/02/94,31.1,21.1,381,0,29.78,4
07/03/94,31.7,21.7,686,0,30.78,3
07/04/94,32.2,21.1,480,1,31.12,3
07/05/94,32.8,20,681,1,31.22,3
07/06/94,32.2,21.1,866,0,31.9,3
07/07/94,32.2,21.7,663,0,32,2
07/08/94,32.2,23.3,573,0,32.22,2
07/09/94,33.9,22.8,835,0,32.32,2
07/10/94,32.8,22.2,517,1,32.66,1
07/11/94,29.4,22.2,137,1,32.66,1
07/12/94,28.9,21.7,134,1,32.1,2
07/13/94,32.2,22.2,601,1,31.44,3
07/14/94,32.2,22.8,709,0,31.44,4
07/15/94,34.4,22.8,635,0,31.1,4
07/16/94,33.9,21.1,498,1,31.42,3
07/17/94,33.3,21.1,536,1,32.32,3
07/18/94,30.6,21.1,337,1,33.2,3
07/19/94,32.8,21.1,394,1,32.88,3
07/20/94,30.6,20.6,509,1,33,4
07/21/94,30.6,22.2,223,1,32.24,5
07/22/94,31.1,23.3,329,1,31.58,5
07/23/94,30.6,21.7,384,1,31.14,5
07/24/94,31.7,21.7,718,0,31.14,5
07/25/94,32.8,22.2,513,1,30.92,4
07/26/94,30,20.6,422,1,31.36,4
07/27/94,29.4,20.6,141,1,31.24,4
07/28/94,28.9,21.7,132,1,30.9,4
07/29/94,29.4,21.1,342,1,30.56,4
07/30/94,28.3,20,195,1,30.1,5
07/31/94,30.6,20,316,1,29.2,5
08/01/94,30,20,350,1,29.32,5
08/02/94,31.1,20.6,585,0,29.44,5
08/03/94,32.2,19.4,696,0,29.88,4
08/04/94,28.9,22.8,185,1,30.44,3
08/05/94,30.6,19.4,200,1,30.56,3
08/06/94,25,16.7,652,0,30.56,3
08/07/94,25.6,13.9,785,0,29.56,2
08/08/94,27.2,15,802,0,28.46,2
08/09/94,30.6,14.4,769,0,27.46,2
08/10/94,32.8,19.4,715,0,27.8,1
08/11/94,32.8,18.9,682,1,28.24,0
08/12/94,32.2,22.8,434,1,29.8,1
08/13/94,33.3,20,620,1,31.12,2
08/14/94,32.2,22.8,520,0,32.34,3
08/15/94,25,19.4,0,1,32.66,3
08/16/94,28.3,20.6,171,1,31.1,4
08/17/94,30,22.8,296,1,30.2,4
08/18/94,31.1,20,655,0,29.76,4
08/19/94,29.4,19.4,276,1,29.32,3
08/20/94,30,18.3,628,0,28.76,4
08/21/94,30,18.9,273,1,29.76,3
08/22/94,28.3,17.8,672,0,30.1,3
08/23/94,27.8,16.1,715,0,29.76,2
08/24/94,26.7,15,706,0,29.1,2
08/25/94,28.9,15,550,0,28.56,1
08/26/94,31.7,19.4,454,0,28.34,1
08/27/94,31.7,18.9,249,1,28.68,0
08/28/94,32.8,17.8,601,0,29.36,1
08/29/94,32.2,22.2,432,1,30.36,1
08/30/94,27.8,19.4,580,1,31.46,2
08/31/94,32.2,19.4,585,0,31.24,3
06/06/95,21.7,19.4,0,1,28.68,4
06/07/95,31.7,17.2,788,0,27.24,4
06/08/95,34.4,18.9,770,1,27.8,3
06/09/95,32.8,18.9,580,1,28.9,3
06/10/95,31.1,18.9,481,1,29.12,4
06/11/95,31.7,20,324,1,30.34,4
06/12/95,27.8,16.7,130,1,32.34,4
06/13/95,23.3,14.4,662,0,31.56,5
06/14/95,27.2,12.2,788,1,29.34,4
06/15/95,28.9,13.3,717,0,28.22,4
06/16/95,27.8,16.1,875,0,27.78,3
06/17/95,27.2,13.3,844,0,27,2
06/18/95,26.7,16.7,95,1,26.88,1
06/19/95,23.9,18.9,29,1,27.56,2
06/20/95,25.6,18.3,140,1,26.9,2
06/21/95,26.1,16.7,156,1,26.24,3
06/22/95,27.8,19.4,69,1,25.9,4
06/23/95,28.9,19.4,340,1,26.02,5
06/24/95,30,18.9,188,1,26.46,5
06/25/95,29.4,19.4,164,1,27.68,5
06/26/95,29.4,20,228,1,28.44,5
06/27/95,28.9,21.1,145,1,29.1,5
06/28/95,29.4,21.7,244,1,29.32,5
06/29/95,25.6,19.4,25,1,29.42,5
06/30/95,29.4,20,252,1,28.54,5
07/01/95,29.4,21.1,152,1,28.54,5
07/02/95,30,19.4,454,1,28.54,5
07/03/95,29.4,17.8,352,0,28.76,5
07/04/95,31.1,18.9,329,1,28.76,4
07/05/95,31.7,20.6,435,1,29.86,4
07/06/95,32.8,20.6,421,1,30.32,4
07/07/95,31.1,20,438,1,31,4
07/08/95,30.6,19.4,806,0,31.22,4
07/09/95,29.4,17.8,730,0,31.46,4
07/10/95,31.7,18.3,484,1,31.12,3
07/11/95,32.2,20,413,1,31.12,3
07/12/95,31.7,20.6,720,0,31,3
07/13/95,31.7,18.9,752,0,31.12,2
07/14/95,32.8,18.9,756,0,31.34,2
07/15/95,33.9,22.8,829,0,32.02,2
07/16/95,34.4,23.9,409,0,32.46,1
07/17/95,33.9,22.8,429,0,32.9,0
07/18/95,33.9,22.8,421,0,33.34,0
07/19/95,32.8,21.1,519,0,33.78,0
07/20/95,33.3,20.6,607,0,33.78,0
07/21/95,32.8,24.4,302,1,33.66,0
07/22/95,32.2,22.2,227,0,33.34,1
07/23/95,35,23.3,620,0,33,1
07/24/95,35,22.8,746,1,33.22,1
07/25/95,34.4,21.7,615,1,33.66,2
07/26/95,33.9,21.1,741,0,33.88,3
07/27/95,33.9,23.3,573,0,34.1,2
07/28/95,33.3,22.8,530,1,34.44,2
07/29/95,33.3,22.2,758,0,34.1,3
07/30/95,35,23.3,495,1,33.76,2
07/31/95,34.4,22.8,524,0,33.88,2
08/01/95,33.9,23.9,530,0,33.98,2
08/02/95,33.9,22.8,790,0,33.98,2
08/03/95,34.4,22.8,647,1,34.1,1
08/04/95,34.4,23.3,743,0,34.32,2
08/05/95,33.3,23.3,605,0,34.2,1
08/06/95,32.8,24.4,318,1,33.98,1
08/07/95,27.8,21.7,98,1,33.76,2
08/08/95,23.9,18.3,58,1,32.54,3
08/09/95,27.2,19.4,64,1,30.44,3
08/10/95,30,21.7,214,1,29,4
08/11/95,31.1,20.6,634,0,28.34,5
08/12/95,36.7,20.6,770,0,28,4
08/13/95,37.2,22.8,588,0,29.78,3
08/14/95,37.8,25.6,593,0,32.44,2
08/15/95,34.4,25,489,0,34.56,1
08/16/95,33.9,22.8,631,0,35.44,0
08/17/95,35.6,23.9,588,0,36,0
08/18/95,35.6,25,549,0,35.78,0
08/19/95,33.3,21.1,580,0,35.46,0
08/20/95,31.1,18.3,674,0,34.56,0
08/21/95,33.3,18.3,428,0,33.9,0
08/22/95,35,21.7,374,1,33.78,0
08/23/95,31.1,22.2,310,0,33.66,1
08/24/95,33.9,20.6,526,0,32.76,1
08/25/95,33.3,21.7,406,1,32.88,1
08/26/95,25.6,20,11,1,33.32,2
08/27/95,27.2,22.8,10,1,31.78,3
08/28/95,28.9,20.6,309,1,30.22,3
08/29/95,30,18.9,650,0,29.78,4
08/30/95,31.7,20.6,445,0,29,4
08/31/95,31.7,19.4,588,0,28.68,3
06/06/96,29.4,13.3,834,0,27.22,1
06/07/96,31.1,17.8,797,0,27.98,1
06/08/96,31.1,20.6,577,0,28.98,1
06/09/96,27.8,21.1,203,1,29.76,1
06/10/96,31.1,22.2,623,0,29.44,1
06/11/96,29.4,18.9,448,1,30.1,1
06/12/96,30.6,19.4,627,1,30.1,2
06/13/96,30,18.9,563,1,30,3
06/14/96,31.7,18.3,654,0,29.78,4
06/15/96,32.8,19.4,517,1,30.56,3
06/16/96,31.7,18.9,721,0,30.9,4
06/17/96,31.7,19.4,707,0,31.36,3
06/18/96,33.3,21.1,763,0,31.58,2
06/19/96,32.2,21.7,285,1,32.24,1
06/20/96,32.2,21.7,437,1,32.34,2
06/21/96,32.8,21.1,701,0,32.22,2
06/22/96,35,20,781,0,32.44,2
06/23/96,33.9,22.8,613,0,33.1,2
06/24/96,37.2,23.3,586,1,33.22,2
06/25/96,33.9,22.2,537,1,34.22,2
06/26/96,28.3,18.3,830,0,34.56,2
06/27/96,28.9,13.9,854,0,33.66,2
06/28/96,31.7,15,0,0,32.44,2
06/29/96,32.8,17.8,0,0,32,2
06/30/96,33.9,22.8,0,0,31.12,1
07/01/96,36.1,21.1,0,0,31.12,0
07/02/96,36.1,21.7,0,1,32.68,0
07/03/96,31.7,19.4,0,0,34.12,1
07/04/96,28.9,13.3,0,0,34.12,1
07/05/96,28.9,12.2,0,0,33.34,1
07/06/96,32.8,19.4,0,0,32.34,1
07/07/96,36.7,20,0,0,31.68,1
07/08/96,35,22.2,0,1,31.8,0
07/09/96,32.2,22.2,0,1,32.46,1
07/10/96,28.9,19.4,0,1,33.12,2
07/11/96,23.9,18.3,0,1,33.12,3
07/12/96,22.8,17.8,0,1,31.34,4
07/13/96,33.3,20,0,1,28.56,5
07/14/96,32.8,23.3,0,0,28.22,5
07/15/96,31.1,21.7,0,1,28.34,4
07/16/96,31.7,21.7,0,0,28.78,4
07/17/96,32.8,21.1,0,1,30.34,3
07/18/96,33.9,22.2,0,1,32.34,3
07/19/96,33.9,23.3,0,0,32.46,3
07/20/96,32.8,23.3,0,0,32.68,3
07/21/96,30,21.1,0,0,33.02,2
07/22/96,33.3,21.1,0,1,32.68,2
07/23/96,31.1,22.8,0,1,32.78,2
07/24/96,30,22.2,0,1,32.22,2
07/25/96,30.6,21.1,0,1,31.44,3
07/26/96,30,18.9,0,0,31,4
07/27/96,31.1,17.8,0,0,31,4
07/28/96,28.3,18.9,0,1,30.56,3
07/29/96,29.4,20.6,0,1,30,3
07/30/96,31.1,21.1,0,1,29.88,3
07/31/96,32.2,20.6,0,1,29.98,3
08/01/96,27.2,20.6,0,1,30.42,4
08/02/96,30,21.1,0,1,29.64,5
08/03/96,30.6,20.6,0,1,29.98,5
08/04/96,28.9,20,0,0,30.22,5
08/05/96,30,21.7,0,0,29.78,4
08/06/96,31.1,20,0,1,29.34,3
08/07/96,26.1,20,0,1,30.12,3
08/08/96,30,18.3,0,0,29.34,3
08/09/96,23.3,18.9,0,1,29.22,2
08/10/96,28.9,17.8,0,0,28.1,3
08/11/96,28.9,16.7,0,0,27.88,3
08/12/96,25,21.1,0,1,27.44,2
08/13/96,23.3,17.8,0,1,27.22,2
08/14/96,25,17.8,0,0,25.88,3
08/15/96,29.4,15.6,0,0,26.22,2
08/16/96,31.7,16.7,0,1,26.32,2
08/17/96,31.1,17.2,0,1,26.88,3
08/18/96,31.1,18.9,0,1,28.1,3
08/19/96,30.6,18.9,0,0,29.66,3
08/20/96,29.4,18.3,0,0,30.78,3
08/21/96,31.1,16.1,0,0,30.78,3
08/22/96,32.8,20,0,1,30.66,2
08/23/96,32.8,18.9,0,0,31,2
08/24/96,32.8,20,0,1,31.34,1
08/25/96,28.3,19.4,0,0,31.78,2
08/26/96,28.9,20.6,0,1,31.56,2
08/27/96,29.4,20.6,0,1,31.12,3
08/28/96,27.8,19.4,0,0,30.44,3
08/29/96,29.4,17.8,0,0,29.44,3
08/30/96,30,17.2,0,0,28.76,2
08/31/96,28.3,16.1,0,0,29.1,2
06/06/97,15,11.7,0,1,23.1,4
06/07/97,16.1,10,0,1,20.66,4
06/08/97,21.7,9.4,0,0,18.32,4
06/09/97,22.2,9.4,0,0,19,3
06/10/97,26.7,8.9,0,0,19.56,2
06/11/97,28.9,12.8,0,0,20.34,2
06/12/97,28.3,19.4,0,1,23.12,1
06/13/97,28.9,19.4,0,1,25.56,1
06/14/97,27.2,18.9,0,1,27,2
06/15/97,26.7,15.6,0,0,28,3
06/16/97,28.9,11.1,0,0,28,3
06/17/97,32.8,17.8,0,1,28,3
06/18/97,32.2,21.7,0,0,28.9,3
06/19/97,30.6,20,0,0,29.56,2
06/20/97,33.3,17.8,0,0,30.24,1
06/21/97,33.3,21.1,0,0,31.56,1
06/22/97,33.3,20.6,0,1,32.44,1
06/23/97,32.2,20.6,0,0,32.54,1
06/24/97,33.3,17.2,0,0,32.54,1
06/25/97,35,22.8,0,0,33.08,1
06/26/97,36.1,21.1,0,1,33.42,1
06/27/97,26.7,18.3,0,1,33.98,2
06/28/97,29.4,18.3,0,0,32.66,2
06/29/97,29.4,15,0,0,32.1,2
06/30/97,29.4,17.2,0,0,31.32,2
07/01/97,28.9,21.1,0,1,30.2,2
07/02/97,31.1,20.6,0,0,28.76,2
07/03/97,35.6,22.2,0,0,29.64,1
07/04/97,36.7,16.7,0,1,30.88,1
07/05/97,30.6,19.4,0,0,32.34,2
07/06/97,30.6,20.6,0,0,32.58,2
07/07/97,32.2,18.3,0,0,32.92,1
07/08/97,33.3,17.8,0,0,33.14,1
07/09/97,33.3,19.4,0,0,32.68,1
07/10/97,28.3,21.1,0,0,32,0
07/11/97,31.1,20,0,0,31.54,0
07/12/97,31.7,15,0,0,31.64,0
07/13/97,35,17.2,0,0,31.54,0
07/14/97,35.6,18.9,0,0,31.88,0
07/15/97,37.2,22.2,0,0,32.34,0
07/16/97,36.1,20.6,0,1,34.12,0
07/17/97,33.3,20,0,0,35.12,1
07/18/97,35.6,21.7,0,0,35.44,1
07/19/97,35,21.1,0,0,35.56,1
07/20/97,32.8,21.7,0,1,35.44,1
07/21/97,34.4,22.8,0,1,34.56,2
07/22/97,35,22.8,0,1,34.22,2
07/23/97,30,22.2,0,1,34.56,3
07/24/97,30,22.2,0,1,33.44,4
07/25/97,28.3,19.4,0,0,32.44,5
07/26/97,31.7,20.6,0,0,31.54,4
07/27/97,34.4,23.3,0,0,31,3
07/28/97,36.1,23.9,0,0,30.88,2
07/29/97,30.6,22.8,0,0,32.1,1
07/30/97,23.3,17.2,0,1,32.22,0
07/31/97,27.2,15,0,0,31.22,1
08/01/97,29.4,13.3,0,0,30.32,1
08/02/97,32.2,14.4,0,0,29.32,1
08/03/97,33.3,17.8,0,0,28.54,1
08/04/97,33.9,18.9,0,1,29.08,1
08/05/97,28.3,17.2,0,1,31.2,1
08/06/97,27.8,15,0,0,31.42,2
08/07/97,27.8,16.1,0,0,31.1,2
08/08/97,30,13.9,0,0,30.22,2
08/09/97,30,15,0,0,29.56,2
08/10/97,29.4,18.9,0,0,28.78,1
08/11/97,32.8,17.2,0,0,29,0
08/12/97,35,20,0,0,30,0
08/13/97,35,21.1,0,1,31.44,0
08/14/97,35,22.8,0,0,32.44,1
08/15/97,36.7,21.1,0,0,33.44,1
08/16/97,37.2,24.4,0,0,34.9,1
08/17/97,37.2,23.9,0,0,35.78,1
08/18/97,34.4,21.1,0,0,36.22,1
08/19/97,32.2,20,0,0,36.1,0
08/20/97,33.3,21.7,0,1,35.54,0
08/21/97,31.1,17.8,0,0,34.86,1
08/22/97,30,15,0,0,33.64,1
08/23/97,27.8,11.1,0,0,32.2,1
08/24/97,29.4,12.2,0,0,30.88,1
08/25/97,29.4,12.8,0,1,30.32,1
08/26/97,31.1,15,0,0,29.54,1
08/27/97,31.1,15.6,0,0,29.54,1
08/28/97,34.4,17.2,0,0,29.76,1
08/29/97,32.8,17.8,0,0,31.08,1
08/30/97,31.1,16.1,0,0,31.76,1
08/31/97,32.2,19.4,0,1,32.1,0
06/06/98,20.6,15,0,1,29.9,4
06/07/98,22.2,10,0,0,27.68,5
06/08/98,26.1,8.3,0,0,25.9,4
06/09/98,23.3,15.6,0,1,24.12,3
06/10/98,28.9,17.8,0,1,23.44,3
06/11/98,31.1,18.9,0,0,24.22,3
06/12/98,35,23.3,0,1,26.32,2
06/13/98,33.9,18.9,0,1,28.88,3
06/14/98,30.6,16.7,0,0,30.44,4
06/15/98,33.9,20,0,1,31.9,3
06/16/98,33.9,23.9,0,0,32.9,3
06/17/98,30.6,20.6,0,0,33.46,3
06/18/98,33.3,17.8,0,0,32.58,2
06/19/98,29.4,20.6,0,0,32.46,1
06/20/98,32.2,19.4,0,0,32.22,1
06/21/98,33.9,17.2,0,1,31.88,0
06/22/98,33.9,22.2,0,1,31.88,1
06/23/98,35,21.1,0,1,32.54,2
06/24/98,32.2,18.9,0,0,32.88,3
06/25/98,33.9,19.4,0,0,33.44,3
06/26/98,37.2,21.7,0,0,33.78,3
06/27/98,36.1,23.9,0,0,34.44,2
06/28/98,33.9,22.2,0,0,34.88,1
06/29/98,35,20.6,0,1,34.66,0
06/30/98,36.7,21.1,0,1,35.22,1
07/01/98,31.1,19.4,0,1,35.78,2
07/02/98,31.7,18.3,0,0,34.56,3
07/03/98,32.8,17.8,0,0,33.68,3
07/04/98,35,21.1,0,1,33.46,3
07/05/98,28.9,21.7,0,0,33.46,3
07/06/98,30,18.3,0,0,31.9,2
07/07/98,31.7,16.7,0,0,31.68,1
07/08/98,34.4,23.3,0,1,31.68,1
07/09/98,31.7,21.7,0,1,32,2
07/10/98,32.2,21.7,0,0,31.34,2
07/11/98,30,20,0,0,32,2
07/12/98,28.9,18.9,0,0,32,2
07/13/98,30.6,16.7,0,0,31.44,2
07/14/98,31.1,15.6,0,0,30.68,1
07/15/98,32.8,17.2,0,0,30.56,0
07/16/98,33.3,23.9,0,1,30.68,0
07/17/98,32.2,22.8,0,1,31.34,1
07/18/98,32.8,18.9,0,0,32,2
07/19/98,35,20,0,0,32.44,2
07/20/98,36.1,20.6,0,0,33.22,2
07/21/98,35.6,21.1,0,0,33.88,2
07/22/98,37.2,22.8,0,1,34.34,1
07/23/98,36.1,22.8,0,0,35.34,1
07/24/98,34.4,23.3,0,1,36,1
07/25/98,31.7,22.8,0,1,35.88,2
07/26/98,30,21.7,0,1,35,3
07/27/98,26.1,22.2,0,1,33.88,4
07/28/98,31.1,21.1,0,1,31.66,4
07/29/98,33.9,21.7,0,0,30.66,5
07/30/98,31.7,22.8,0,1,30.56,4
07/31/98,28.9,21.1,0,1,30.56,4
08/01/98,28.9,18.9,0,0,30.34,4
08/02/98,27.8,17.8,0,0,30.9,3
08/03/98,29.4,15.6,0,0,30.24,2
08/04/98,30,13.3,0,0,29.34,2
08/05/98,30.6,15,0,0,29,1
08/06/98,30,16.1,0,0,29.34,0
08/07/98,29.4,21.7,0,1,29.56,0
08/08/98,32.2,23.9,0,1,29.88,1
08/09/98,30.6,21.7,0,1,30.44,2
08/10/98,28.3,21.1,0,1,30.56,3
08/11/98,31.7,21.1,0,0,30.1,4
08/12/98,32.2,20.6,0,0,30.44,4
08/13/98,31.1,21.1,0,0,31,3
08/14/98,30.6,20,0,1,30.78,2
08/15/98,30.6,19.4,0,0,30.78,2
08/16/98,32.8,21.7,0,1,31.24,1
08/17/98,31.1,21.1,0,1,31.46,2
08/18/98,32.2,21.1,0,0,31.24,3
08/19/98,28.9,17.8,0,0,31.46,3
08/20/98,27.2,12.2,0,0,31.12,2
08/21/98,30.6,12.8,0,0,30.44,2
08/22/98,33.3,15,0,0,30,1
08/23/98,35,19.4,0,0,30.44,0
08/24/98,35.6,21.1,0,0,31,0
08/25/98,35,21.7,0,1,32.34,0
08/26/98,28.9,22.8,0,1,33.9,1
08/27/98,29.4,24.4,0,1,33.56,2
08/28/98,35,21.7,0,0,32.78,3
08/29/98,36.1,22.8,0,1,32.78,3
08/30/98,32.8,21.7,0,1,32.88,4
08/31/98,33.3,21.1,0,0,32.44,4
06/06/99,31.7,12.8,0,0,30.88,0
06/07/99,35.6,17.8,0,0,30.88,0
06/08/99,37.8,19.4,0,0,31.78,0
06/09/99,36.7,20,0,0,32.9,0
06/10/99,35.6,16.7,0,0,34.36,0
06/11/99,26.1,19.4,0,0,35.48,0
06/12/99,29.4,12.8,0,1,34.36,0
06/13/99,28.9,19.4,0,1,33.12,1
06/14/99,34.4,19.4,0,0,31.34,2
06/15/99,25.6,19.4,0,1,30.88,2
06/16/99,21.7,17.2,0,1,28.88,3
06/17/99,23.3,16.1,0,1,28,4
06/18/99,25,13.9,0,0,26.78,4
06/19/99,26.7,11.7,0,1,26,3
06/20/99,18.3,15.6,0,1,24.46,4
06/21/99,21.7,16.1,0,1,23,4
06/22/99,22.2,17.8,0,1,23,4
06/23/99,28.3,12.2,0,0,22.78,4
06/24/99,31.1,12.2,0,1,23.44,4
06/25/99,27.8,20.6,0,1,24.32,4
06/26/99,31.1,20.6,0,1,26.22,4
06/27/99,33.9,23.3,0,1,28.1,4
06/28/99,32.2,23.3,0,1,30.44,4
06/29/99,35,23.9,0,0,31.22,5
06/30/99,28.3,23.3,0,1,32,4
07/01/99,31.7,22.2,0,1,32.1,4
07/02/99,32.8,20,0,0,32.22,4
07/03/99,35,21.7,0,0,32,3
07/04/99,37.2,22.2,0,0,32.56,2
07/05/99,38.9,23.3,0,0,33,2
07/06/99,38.9,23.3,0,1,35.12,1
07/07/99,36.7,22.2,0,0,36.56,1
07/08/99,35,20.6,0,0,37.34,1
07/09/99,38.3,23.3,0,0,37.34,1
07/10/99,36.7,22.8,0,1,37.56,1
07/11/99,23.3,18.3,0,1,37.12,2
07/12/99,19.4,16.1,0,1,34,2
07/13/99,20,15.6,0,1,30.54,3
07/14/99,21.7,18.9,0,1,27.54,4
07/15/99,28.9,19.4,0,1,24.22,5
07/16/99,31.1,17.8,0,0,22.66,5
07/17/99,33.3,18.9,0,0,24.22,4
07/18/99,34.4,22.2,0,0,27,3
07/19/99,34.4,22.2,0,0,29.88,2
07/20/99,36.1,22.2,0,0,32.42,1
07/21/99,32.2,21.7,0,1,33.86,0
07/22/99,35,23.9,0,1,34.08,1
07/23/99,36.7,22.8,0,0,34.42,2
07/24/99,37.8,23.3,0,1,34.88,2
07/25/99,35.6,22.2,0,0,35.56,3
07/26/99,36.1,21.1,0,0,35.46,3
07/27/99,36.1,21.7,0,0,36.24,2
07/28/99,37.8,21.1,0,1,36.46,1
07/29/99,33.9,21.7,0,1,36.68,2
07/30/99,37.8,20,0,0,35.9,2
07/31/99,40,22.2,0,0,36.34,2
08/01/99,40,23.9,0,0,37.12,2
08/02/99,33.9,20,0,0,37.9,2
08/03/99,33.3,20,0,0,37.12,1
08/04/99,32.8,18.9,0,0,37,0
08/05/99,36.7,20,0,0,36,0
08/06/99,36.1,20,0,0,35.34,0
08/07/99,37.8,17.8,0,1,34.56,0
08/08/99,38.3,24.4,0,1,35.34,1
08/09/99,28.3,19.4,0,1,36.34,2
08/10/99,32.2,17.8,0,0,35.44,3
08/11/99,38.3,23.3,0,0,34.54,3
08/12/99,37.2,20,0,0,34.98,3
08/13/99,37.2,25,0,0,34.86,2
08/14/99,36.7,21.1,0,1,34.64,1
08/15/99,30.6,20,0,1,36.32,1
08/16/99,32.2,21.7,0,0,36,2
08/17/99,35.6,21.1,0,1,34.78,2
08/18/99,35.6,22.8,0,0,34.46,3
08/19/99,31.7,22.2,0,0,34.14,3
08/20/99,27.8,20.6,0,1,33.14,2
08/21/99,31.1,19.4,0,1,32.58,2
08/22/99,31.1,17.8,0,0,32.36,3
08/23/99,30.6,18.3,0,0,31.46,2
08/24/99,29.4,20,0,0,30.46,2
08/25/99,29.4,22.2,0,1,30,2
08/26/99,32.2,21.7,0,1,30.32,2
08/27/99,30.6,19.4,0,1,30.54,2
08/28/99,32.2,19.4,0,0,30.44,3
08/29/99,31.1,20.6,0,0,30.76,3
08/30/99,25,17.2,0,0,31.1,3
08/31/99,26.1,15.6,0,0,30.22,2
06/06/00,25.6,15,0,1,29.34,3
06/07/00,24.4,11.7,0,0,28.02,4
06/08/00,28.3,10,0,0,25.56,4
06/09/00,32.8,14.4,0,0,24.78,3
06/10/00,32.2,16.1,0,0,26.56,2
06/11/00,33.3,17.2,0,0,28.66,1
06/12/00,33.3,19.4,0,0,30.2,0
06/13/00,37.2,22.2,0,0,31.98,0
06/14/00,35.6,20,0,1,33.76,0
06/15/00,32.2,20,0,1,34.32,1
06/16/00,32.8,21.1,0,1,34.32,2
06/17/00,33.3,23.3,0,0,34.22,3
06/18/00,33.9,23.3,0,1,34.22,3
06/19/00,33.9,22.2,0,1,33.56,4
06/20/00,24.4,19.4,0,1,33.22,4
06/21/00,31.1,21.1,0,0,31.66,4
06/22/00,31.7,22.2,0,0,31.32,3
06/23/00,32.8,17.8,0,0,31,3
06/24/00,33.9,20.6,0,0,30.78,2
06/25/00,33.9,21.7,0,0,30.78,1
06/26/00,33.9,22.2,0,0,32.68,0
06/27/00,33.3,21.7,0,1,33.24,0
06/28/00,31.7,22.2,0,1,33.56,1
06/29/00,27.2,17.8,0,1,33.34,2
06/30/00,28.3,16.1,0,0,32,3
07/01/00,29.4,15.6,0,0,30.88,3
07/02/00,32.2,13.9,0,0,29.98,3
07/03/00,32.8,20,0,0,29.76,2
07/04/00,33.9,21.7,0,1,29.98,1
07/05/00,33.3,21.1,0,1,31.32,1
07/06/00,31.7,21.1,0,1,32.32,2
07/07/00,28.9,20.6,0,1,32.78,3
07/08/00,30.6,18.9,0,0,32.12,4
07/09/00,34.4,21.1,0,1,31.68,4
07/10/00,36.1,23.3,0,0,31.78,4
07/11/00,35,22.2,0,1,32.34,3
07/12/00,27.2,20,0,1,33,3
07/13/00,25.6,19.4,0,1,32.66,3
07/14/00,31.1,21.1,0,1,31.66,4
07/15/00,30.6,18.9,0,1,31,4
07/16/00,32.2,17.8,0,1,29.9,5
07/17/00,30.6,17.2,0,1,29.34,5
07/18/00,33.9,17.8,0,0,30.02,5
07/19/00,35,21.7,0,1,31.68,4
07/20/00,27.8,18.9,0,0,32.46,4
07/21/00,27.8,18.3,0,1,31.9,3
07/22/00,27.2,17.8,0,1,31.02,3
07/23/00,27.8,20,0,1,30.34,3
07/24/00,25,18.9,0,1,29.12,4
07/25/00,20,17.8,0,1,27.12,4
07/26/00,25,18.9,0,1,25.56,5
07/27/00,31.1,19.4,0,0,25,5
07/28/00,32.2,18.9,0,1,25.78,4
07/29/00,31.7,18.9,0,1,26.66,4
07/30/00,32.2,21.7,0,1,28,4
07/31/00,31.1,21.7,0,1,30.44,4
08/01/00,31.1,21.1,0,1,31.66,4
08/02/00,30.6,21.1,0,1,31.66,5
08/03/00,30,21.7,0,1,31.34,5
08/04/00,30,21.1,0,1,31,5
08/05/00,29.4,20,0,1,30.56,5
08/06/00,32.2,21.1,0,0,30.22,5
08/07/00,34.4,23.9,0,0,30.44,4
08/08/00,34.4,23.3,0,0,31.2,3
08/09/00,35,23.9,0,1,32.08,2
08/10/00,31.7,20,0,1,33.08,2
08/11/00,32.2,21.7,0,0,33.54,2
08/12/00,28.3,18.3,0,1,33.54,2
08/13/00,25,16.1,0,1,32.32,3
08/14/00,28.3,15,0,0,30.44,4
08/15/00,30.6,16.1,0,0,29.1,3
08/16/00,33.9,18.9,0,1,28.88,2
08/17/00,31.1,18.3,0,0,29.22,3
08/18/00,33.3,22.2,0,1,29.78,2
08/19/00,27.8,17.2,0,0,31.44,2
08/20/00,25.6,14.4,0,0,31.34,2
08/21/00,26.1,12.8,0,0,30.34,2
08/22/00,27.8,11.7,0,0,28.78,1
08/23/00,31.1,12.8,0,0,28.12,1
08/24/00,31.7,18.9,0,1,27.68,0
08/25/00,28.9,19.4,0,1,28.46,1
08/26/00,31.1,17.8,0,0,29.12,2
08/27/00,29.4,19.4,0,1,30.12,2
08/28/00,26.7,18.3,0,1,30.44,3
08/29/00,27.8,20,0,1,29.56,4
08/30/00,23.9,20,0,1,28.78,4
08/31/00,30,22.2,0,1,27.78,4
06/06/01,32.8,20.6,0,1,29.34,3
06/07/01,30,21.1,0,1,30.68,3
06/08/01,27.2,18.9,0,1,31.12,3
06/09/01,28.3,17.2,0,0,30.78,4
06/10/01,31.1,15.6,0,0,30.44,3
06/11/01,31.7,16.7,0,0,29.88,3
06/12/01,31.7,20,0,0,29.66,2
06/13/01,31.1,21.7,0,1,30,1
06/14/01,26.7,22.2,0,1,30.78,1
06/15/01,28.9,22.2,0,1,30.46,2
06/16/01,32.2,20.6,0,1,30.02,3
06/17/01,30.6,20,0,0,30.12,4
06/18/01,31.1,18.3,0,0,29.9,4
06/19/01,30.6,17.8,0,0,29.9,3
06/20/01,32.2,18.9,0,0,30.68,2
06/21/01,33.3,21.1,0,1,31.34,1
06/22/01,31.7,20,0,1,31.56,1
06/23/01,28.3,19.4,0,1,31.78,2
06/24/01,27.8,18.9,0,1,31.22,3
06/25/01,28.3,18.3,0,1,30.66,4
06/26/01,30.6,18.9,0,1,29.88,5
06/27/01,32.2,20,0,0,29.34,5
06/28/01,33.3,20.6,0,0,29.44,4
06/29/01,33.9,20,0,0,30.44,3
06/30/01,33.3,21.1,0,1,31.66,2
07/01/01,31.7,22.2,0,1,32.66,2
07/02/01,27.2,18.9,0,0,32.88,2
07/03/01,28.3,17.8,0,1,31.88,2
07/04/01,32.8,20.6,0,1,30.88,3
07/05/01,31.1,20.6,0,1,30.66,4
07/06/01,28.3,17.2,0,0,30.22,4
07/07/01,30,15,0,0,29.54,3
07/08/01,28.3,20.6,0,1,30.1,3
07/09/01,32.2,20.6,0,1,30.1,3
07/10/01,33.3,20.6,0,0,29.98,3
07/11/01,34.4,21.7,0,0,30.42,2
07/12/01,31.1,18.9,0,0,31.64,2
07/13/01,25.6,17.8,0,1,31.86,2
07/14/01,30,15,0,0,31.32,2
07/15/01,31.7,14.4,0,0,30.88,1
07/16/01,33.3,15.6,0,0,30.56,1
07/17/01,33.9,19.4,0,0,30.34,1
07/18/01,32.8,21.7,0,1,30.9,1
07/19/01,29.4,22.2,0,1,32.34,1
07/20/01,28.9,18.9,0,0,32.22,2
07/21/01,30,15,0,0,31.66,2
07/22/01,32.2,15,0,0,31,2
07/23/01,32.8,21.7,0,1,30.66,2
07/24/01,31.1,23.3,0,1,30.66,2
07/25/01,33.3,22.8,0,1,31,2
07/26/01,29.4,22.2,0,1,31.88,3
07/27/01,23.9,20,0,1,31.76,4
07/28/01,22.8,17.2,0,1,30.1,5
07/29/01,27.2,17.8,0,1,28.1,5
07/30/01,25.6,18.3,0,1,27.32,5
07/31/01,28.9,17.2,0,0,25.78,5
08/01/01,28.3,17.2,0,0,25.68,4
08/02/01,29.4,15,0,0,26.56,3
08/03/01,30.6,16.7,0,0,27.88,2
08/04/01,32.8,21.7,0,1,28.56,1
08/05/01,33.3,19.4,0,0,30,1
08/06/01,34.4,19.4,0,0,30.88,1
08/07/01,36.1,22.2,0,0,32.1,1
08/08/01,36.7,22.2,0,0,33.44,1
08/09/01,37.8,21.7,0,0,34.66,1
08/10/01,37.2,23.9,0,1,35.66,0
08/11/01,34.4,22.2,0,1,36.44,1
08/12/01,33.9,22.2,0,1,36.44,2
08/13/01,31.1,23.3,0,1,36,3
08/14/01,31.7,22.2,0,1,34.88,4
08/15/01,31.1,21.1,0,0,33.66,5
08/16/01,32.2,20,0,0,32.44,4
08/17/01,33.9,21.1,0,1,32,3
08/18/01,30,22.8,0,1,32,3
08/19/01,30.6,22.2,0,1,31.78,3
08/20/01,31.1,23.3,0,1,31.56,3
08/21/01,29.4,18.9,0,1,31.56,4
08/22/01,31.1,17.2,0,0,31,5
08/23/01,32.8,18.3,0,0,30.44,4
08/24/01,28.9,20.6,0,1,31,3
08/25/01,30,18.9,0,0,30.66,3
08/26/01,30.6,17.2,0,1,30.44,2
08/27/01,33.9,21.1,0,1,30.68,2
08/28/01,32.2,20.6,0,1,31.24,3
08/29/01,32.2,23.3,0,1,31.12,4
08/30/01,30.6,21.1,0,1,31.78,4
08/31/01,31.1,22.8,0,1,31.9,5
06/06/02,36.7,20,0,1,34.78,1
06/07/02,26.1,16.1,0,0,35,1
06/08/02,26.7,11.7,0,0,33.34,1
06/09/02,30.6,8.3,0,0,32.46,1
06/10/02,35,11.7,0,0,31.46,1
06/11/02,35.6,16.7,0,0,31.02,1
06/12/02,36.7,18.9,0,0,30.8,0
06/13/02,37.8,22.2,0,0,32.92,0
06/14/02,32.2,21.7,0,1,35.14,0
06/15/02,31.1,15.6,0,0,35.46,1
06/16/02,33.3,12.2,0,0,34.68,1
06/17/02,31.1,17.8,0,0,34.22,1
06/18/02,30,17.2,0,0,33.1,1
06/19/02,31.1,16.7,0,0,31.54,1
06/20/02,30,18.3,0,0,31.32,0
06/21/02,31.7,15.6,0,0,31.1,0
06/22/02,30.6,17.8,0,1,30.78,0
06/23/02,32.8,19.4,0,0,30.68,1
06/24/02,35,20.6,0,0,31.24,1
06/25/02,35.6,21.1,0,0,32.02,1
06/26/02,33.3,22.2,0,1,33.14,1
06/27/02,33.3,22.2,0,1,33.46,2
06/28/02,31.7,20.6,0,1,34,2
06/29/02,32.2,20,0,0,33.78,3
06/30/02,32.8,20,0,0,33.22,3
07/01/02,33.9,20,0,1,32.66,3
07/02/02,34.4,22.2,0,0,32.78,3
07/03/02,35.6,21.7,0,0,33,2
07/04/02,37.2,21.1,0,0,33.78,1
07/05/02,37.8,20.6,0,1,34.78,1
07/06/02,31.7,19.4,0,0,35.78,2
07/07/02,31.7,17.2,0,0,35.34,1
07/08/02,32.8,17.8,0,0,34.8,1
07/09/02,35,21.1,0,0,34.24,1
07/10/02,36.1,22.2,0,1,33.8,1
07/11/02,23.3,17.8,0,1,33.46,1
07/12/02,26.1,17.8,0,0,31.78,2
07/13/02,28.9,17.8,0,1,30.66,2
07/14/02,29.4,22.2,0,1,29.88,3
07/15/02,31.1,21.1,0,0,28.76,4
07/16/02,34.4,21.1,0,0,27.76,3
07/17/02,35,21.1,0,0,29.98,2
07/18/02,35.6,22.2,0,1,31.76,2
07/19/02,35.6,22.2,0,0,33.1,2
07/20/02,33.9,20.6,0,1,34.34,1
07/21/02,31.1,19.4,0,0,34.9,2
07/22/02,33.3,20.6,0,0,34.24,2
07/23/02,31.7,22.8,0,1,33.9,2
07/24/02,31.7,22.8,0,0,33.12,2
07/25/02,27.8,22.2,0,1,32.34,2
07/26/02,30.6,22.2,0,1,31.12,2
07/27/02,33.3,22.8,0,1,31.02,3
07/28/02,35,21.7,0,0,31.02,4
07/29/02,36.1,24.4,0,0,31.68,3
07/30/02,35.6,23.3,0,0,32.56,3
07/31/02,33.9,22.8,0,0,34.12,2
08/01/02,34.4,21.7,0,0,34.78,1
08/02/02,34.4,21.1,0,0,35,0
08/03/02,33.9,18.9,0,0,34.88,0
08/04/02,33.3,20,0,0,34.44,0
08/05/02,34.4,19.4,0,0,33.98,0
08/06/02,32.2,20.6,0,0,34.08,0
08/07/02,28.3,16.1,0,0,33.64,0
08/08/02,30,12.8,0,0,32.42,0
08/09/02,30.6,14.4,0,0,31.64,0
08/10/02,31.7,14.4,0,0,31.1,0
08/11/02,35,17.2,0,0,30.56,0
08/12/02,37.2,18.9,0,0,31.12,0
08/13/02,37.2,21.1,0,0,32.9,0
08/14/02,32.8,20.6,0,1,34.34,0
08/15/02,35.6,22.8,0,1,34.78,1
08/16/02,32.2,21.7,0,1,35.56,2
08/17/02,33.9,22.2,0,1,35,3
08/18/02,35,21.7,0,1,34.34,4
08/19/02,36.1,21.1,0,1,33.9,5
08/20/02,35.6,20.6,0,0,34.56,5
08/21/02,33.3,21.1,0,0,34.56,4
08/22/02,35,22.2,0,0,34.78,3
08/23/02,39.4,22.8,0,0,35,2
08/24/02,37.8,22.8,0,1,35.88,1
08/25/02,34.4,20,0,1,36.22,1
08/26/02,23.9,20.6,0,1,35.98,2
08/27/02,23.9,19.4,0,1,34.1,3
08/28/02,20.6,18.9,0,1,31.88,4
08/29/02,21.1,18.3,0,1,28.12,5
08/30/02,21.1,18.3,0,1,24.78,5
08/31/02,20,18.9,0,1,22.12,5
06/06/03,27.8,12.2,0,1,25.54,2
06/07/03,25.6,20,0,1,26.44,3
06/08/03,29.4,21.1,0,1,26.68,4
06/09/03,30,17.8,0,0,27.34,4
06/10/03,31.7,15,0,0,27.78,3
06/11/03,32.2,17.2,0,0,28.9,3
06/12/03,31.1,21.7,0,1,29.78,2
06/13/03,30.6,22.2,0,0,30.88,2
06/14/03,31.1,21.1,0,1,31.12,1
06/15/03,30,20.6,0,1,31.34,2
06/16/03,25,19.4,0,1,31,3
06/17/03,21.7,18.9,0,0,29.56,4
06/18/03,29.4,18.9,0,1,27.68,3
06/19/03,28.3,20.6,0,1,27.44,4
06/20/03,26.7,18.3,0,1,26.88,4
06/21/03,23.9,14.4,0,0,26.22,4
06/22/03,27.2,12.8,0,0,26,3
06/23/03,30,15,0,0,27.1,3
06/24/03,32.2,15,0,0,27.22,2
06/25/03,33.3,17.2,0,0,28,1
06/26/03,33.9,18.9,0,0,29.32,0
06/27/03,33.3,20,0,0,31.32,0
06/28/03,26.7,19.4,0,1,32.54,0
06/29/03,31.7,18.3,0,0,31.88,1
06/30/03,32.8,20.6,0,1,31.78,1
07/01/03,26.1,20.6,0,1,31.68,2
07/02/03,25,18.9,0,1,30.12,3
07/03/03,26.7,18.3,0,0,28.46,4
07/04/03,32.8,18.3,0,0,28.46,3
07/05/03,32.2,21.7,0,0,28.68,3
07/06/03,32.8,21.7,0,1,28.56,2
07/07/03,32.2,22.8,0,1,29.9,2
07/08/03,34.4,21.7,0,0,31.34,2
07/09/03,35,22.8,0,1,32.88,2
07/10/03,33.3,21.1,0,0,33.32,3
07/11/03,32.8,21.7,0,1,33.54,3
07/12/03,31.7,20,0,1,33.54,3
07/13/03,29.4,20,0,1,33.44,3
07/14/03,27.2,20,0,1,32.44,4
07/15/03,30.6,19.4,0,0,30.88,4
07/16/03,33.9,21.7,0,1,30.34,4
07/17/03,30.6,21.7,0,1,30.56,4
07/18/03,32.2,20,0,1,30.34,4
07/19/03,28.3,19.4,0,1,30.9,4
07/20/03,31.7,18.9,0,0,31.12,4
07/21/03,32.8,21.1,0,0,31.34,4
07/22/03,32.8,21.1,0,1,31.12,3
07/23/03,26.1,21.1,0,1,31.56,3
07/24/03,29.4,20.6,0,1,30.34,3
07/25/03,30.6,17.8,0,0,30.56,3
07/26/03,32.2,20.6,0,1,30.34,3
07/27/03,32.2,21.1,0,0,30.22,4
07/28/03,33.3,21.7,0,0,30.1,3
07/29/03,31.1,22.2,0,1,31.54,2
07/30/03,25.6,21.1,0,1,31.88,2
07/31/03,29.4,20.6,0,1,30.88,3
08/01/03,31.1,21.7,0,1,30.32,3
08/02/03,28.3,21.7,0,1,30.1,4
08/03/03,30.6,21.7,0,1,29.1,5
08/04/03,30,20,0,1,29,5
08/05/03,29.4,19.4,0,1,29.88,5
08/06/03,30,19.4,0,1,29.88,5
08/07/03,28.9,22.2,0,1,29.66,5
08/08/03,28.9,20.6,0,1,29.78,5
08/09/03,28.9,21.1,0,1,29.44,5
08/10/03,28.3,20.6,0,1,29.22,5
08/11/03,30,21.1,0,1,29,5
08/12/03,30,22.2,0,0,29,5
08/13/03,30.6,23.3,0,1,29.22,4
08/14/03,32.2,22.8,0,1,29.56,4
08/15/03,33.3,21.1,0,1,30.22,4
08/16/03,29.4,21.1,0,1,31.22,4
08/17/03,31.7,22.2,0,1,31.1,4
08/18/03,30.6,20,0,1,31.44,5
08/19/03,30,20,0,0,31.44,5
08/20/03,30.6,21.1,0,0,31,4
08/21/03,32.2,20,0,0,30.46,3
08/22/03,31.7,21.1,0,1,31.02,2
08/23/03,31.1,20.6,0,0,31.02,2
08/24/03,28.9,20,0,0,31.12,1
08/25/03,30.6,18.3,0,0,30.9,1
08/26/03,33.3,20.6,0,0,30.9,1
08/27/03,34.4,22.2,0,0,31.12,1
08/28/03,33.9,23.3,0,0,31.66,0
08/29/03,33.3,23.3,0,0,32.22,0
08/30/03,33.3,23.3,0,1,33.1,0
08/31/03,30.6,21.7,0,1,33.64,1
06/06/04,24.4,15.6,0,0,29.12,1
06/07/04,28.9,18.3,0,0,28,1
06/08/04,30,21.1,0,1,27.22,1
06/09/04,31.7,19.4,0,0,26.88,2
06/10/04,32.8,20.6,0,1,28.44,1
06/11/04,33.9,21.1,0,1,29.56,2
06/12/04,23.3,18.3,0,0,31.46,3
06/13/04,25.6,16.7,0,1,30.34,3
06/14/04,29.4,21.1,0,1,29.46,3
06/15/04,28.9,22.8,0,1,29,4
06/16/04,32.2,23.3,0,1,28.22,4
06/17/04,33.3,23.9,0,0,27.88,4
06/18/04,35.6,23.3,0,0,29.88,4
06/19/04,32.2,21.7,0,1,31.88,3
06/20/04,27.2,16.7,0,0,32.44,3
06/21/04,26.7,16.1,0,0,32.1,2
06/22/04,32.2,20,0,1,31,1
06/23/04,33.9,20.6,0,1,30.78,2
06/24/04,29.4,21.7,0,1,30.44,3
06/25/04,31.1,22.8,0,1,29.88,3
06/26/04,28.3,20.6,0,1,30.66,4
06/27/04,25.6,18.3,0,1,30.98,5
06/28/04,26.1,20,0,1,29.66,5
06/29/04,29.4,18.3,0,1,28.1,5
06/30/04,30,18.9,0,1,28.1,5
07/01/04,31.1,20,0,1,27.88,5
07/02/04,30.6,21.7,0,1,28.44,5
07/03/04,30,20.6,0,1,29.44,5
07/04/04,32.2,22.8,0,1,30.22,5
07/05/04,33.9,21.7,0,0,30.78,5
07/06/04,33.9,20,0,0,31.56,4
07/07/04,34.4,22.8,0,0,32.12,3
07/08/04,34.4,20,0,1,32.88,2
07/09/04,35,20.6,0,0,33.76,2
07/10/04,35.6,21.7,0,1,34.32,1
07/11/04,33.3,21.1,0,0,34.66,2
07/12/04,32.8,21.1,0,1,34.54,2
07/13/04,32.2,22.2,0,0,34.22,3
07/14/04,34.4,21.1,0,1,33.78,2
07/15/04,31.1,18.9,0,0,33.66,3
07/16/04,31.1,15.6,0,0,32.76,2
07/17/04,32.2,16.7,0,1,32.32,2
07/18/04,27.8,20,0,1,32.2,2
07/19/04,30,18.9,0,0,31.32,3
07/20/04,30.6,18.9,0,0,30.44,2
07/21/04,32.2,18.9,0,0,30.34,2
07/22/04,32.8,19.4,0,1,30.56,2
07/23/04,31.7,22.2,0,1,30.68,2
07/24/04,27.8,21.7,0,0,31.46,2
07/25/04,25.6,20.6,0,1,31.02,2
07/26/04,30.6,22.8,0,0,30.02,3
07/27/04,32.2,22.2,0,1,29.7,3
07/28/04,30.6,22.2,0,1,29.58,3
07/29/04,31.1,21.1,0,1,29.36,3
07/30/04,31.7,21.1,0,1,30.02,4
07/31/04,31.7,21.7,0,1,31.24,4
08/01/04,31.7,23.3,0,1,31.46,5
08/02/04,29.4,22.8,0,1,31.36,5
08/03/04,30.6,22.2,0,1,31.12,5
08/04/04,32.8,21.1,0,0,31.02,5
08/05/04,31.7,19.4,0,1,31.24,4
08/06/04,24.4,13.3,0,0,31.24,4
08/07/04,26.7,11.7,0,0,29.78,3
08/08/04,28.3,13.9,0,0,29.24,2
08/09/04,29.4,15.6,0,0,28.78,1
08/10/04,30,18.9,0,0,28.1,1
08/11/04,31.1,19.4,0,0,27.76,0
08/12/04,26.7,20,0,1,29.1,0
08/13/04,28.3,20,0,1,29.1,1
08/14/04,22.2,18.3,0,1,29.1,2
08/15/04,20.6,17.8,0,1,27.66,3
08/16/04,27.8,19.4,0,1,25.78,4
08/17/04,28.9,17.8,0,0,25.12,5
08/18/04,30,21.7,0,0,25.56,4
08/19/04,32.2,21.7,0,0,25.9,3
08/20/04,32.2,21.1,0,0,27.9,2
08/21/04,31.1,21.1,0,1,30.22,1
08/22/04,27.2,19.4,0,0,30.88,1
08/23/04,28.9,18.3,0,0,30.54,1
08/24/04,29.4,17.2,0,0,30.32,1
08/25/04,28.3,17.2,0,0,29.76,1
08/26/04,28.9,18.3,0,0,28.98,1
08/27/04,30.6,21.1,0,0,28.54,0
08/28/04,31.7,18.9,0,0,29.22,0
08/29/04,27.2,21.1,0,1,29.78,0
08/30/04,27.2,22.8,0,1,29.34,1
08/31/04,30,21.7,0,1,29.12,2
06/06/05,35,19.4,0,1,25,3
06/07/05,33.9,20,0,1,27.66,3
06/08/05,31.1,18.3,0,0,30.78,3
06/09/05,32.2,21.7,0,1,32.44,2
06/10/05,31.7,22.2,0,1,32.88,3
06/11/05,30,19.4,0,0,32.78,4
06/12/05,32.2,22.2,0,1,31.78,3
06/13/05,32.8,23.3,0,1,31.44,3
06/14/05,35,24.4,0,0,31.78,4
06/15/05,35.6,21.7,0,0,32.34,3
06/16/05,31.7,18.3,0,0,33.12,2
06/17/05,30,15,0,0,33.46,2
06/18/05,31.1,13.9,0,0,33.02,1
06/19/05,27.8,16.1,0,1,32.68,0
06/20/05,25.6,14.4,0,0,31.24,1
06/21/05,30,11.7,0,0,29.24,1
06/22/05,32.8,17.2,0,1,28.9,1
06/23/05,31.7,17.2,0,0,29.46,2
06/24/05,32.8,15.6,0,0,29.58,2
06/25/05,31.1,16.7,0,0,30.58,1
06/26/05,30.6,22.2,0,1,31.68,1
06/27/05,33.3,21.1,0,1,31.8,2
06/28/05,28.9,22.8,0,1,31.9,2
06/29/05,30.6,22.2,0,1,31.34,3
06/30/05,34.4,21.1,0,0,30.9,4
07/01/05,37.2,22.2,0,1,31.56,4
07/02/05,32.8,21.1,0,1,32.88,4
07/03/05,30.6,21.7,0,1,32.78,4
07/04/05,32.2,22.8,0,1,33.12,4
07/05/05,36.1,22.2,0,1,33.44,4
07/06/05,35.6,20.6,0,1,33.78,5
07/07/05,34.4,22.2,0,1,33.46,5
07/08/05,30,20.6,0,0,33.78,5
07/09/05,33.3,19.4,0,0,33.66,4
07/10/05,34.4,20,0,0,33.88,3
07/11/05,32.8,21.7,0,0,33.54,2
07/12/05,35,23.9,0,1,32.98,1
07/13/05,33.9,22.2,0,1,33.1,1
07/14/05,32.2,21.7,0,1,33.88,2
07/15/05,34.4,22.8,0,1,33.66,3
07/16/05,33.9,23.3,0,0,33.66,4
07/17/05,35.6,23.3,0,1,33.88,4
07/18/05,35.6,23.9,0,1,34,4
07/19/05,36.7,22.2,0,1,34.34,4
07/20/05,35,22.8,0,1,35.24,4
07/21/05,36.1,22.8,0,1,35.36,4
07/22/05,35.6,22.8,0,1,35.8,5
07/23/05,33.3,22.2,0,0,35.8,5
07/24/05,31.7,20,0,0,35.34,4
07/25/05,36.1,21.1,0,0,34.34,3
07/26/05,38.3,22.8,0,0,34.56,2
07/27/05,38.9,23.9,0,0,35,1
07/28/05,34.4,21.1,0,1,35.66,0
07/29/05,26.7,21.7,0,1,35.88,1
07/30/05,28.3,22.2,0,1,34.88,2
07/31/05,27.2,21.1,0,1,33.32,3
08/01/05,30.6,21.1,0,1,31.1,4
08/02/05,32.8,19.4,0,0,29.44,5
08/03/05,34.4,20.6,0,0,29.12,4
08/04/05,35,21.1,0,0,30.66,3
08/05/05,33.9,22.2,0,0,32,2
08/06/05,33.9,21.1,0,0,33.34,1
08/07/05,32.2,20.6,0,1,34,0
08/08/05,30,20.6,0,0,33.88,1
08/09/05,29.4,21.7,0,1,33,1
08/10/05,31.7,21.7,0,1,31.88,2
08/11/05,33.3,22.2,0,1,31.44,3
08/12/05,35,22.2,0,0,31.32,4
08/13/05,33.3,22.2,0,1,31.88,3
08/14/05,33.3,23.3,0,1,32.54,4
08/15/05,35,22.2,0,0,33.32,4
08/16/05,35,23.3,0,1,33.98,3
08/17/05,27.8,21.7,0,1,34.32,3
08/18/05,27.2,20,0,1,32.88,4
08/19/05,32.8,23.3,0,0,31.66,4
08/20/05,36.1,23.9,0,0,31.56,3
08/21/05,35,21.1,0,0,31.78,3
08/22/05,34.4,20,0,0,31.78,2
08/23/05,27.8,21.7,0,1,33.1,1
08/24/05,29.4,21.7,0,0,33.22,1
08/25/05,28.9,18.3,0,0,32.54,1
08/26/05,30,15,0,0,31.1,1
08/27/05,30.6,19.4,0,0,30.1,1
08/28/05,32.8,20.6,0,0,29.34,1
08/29/05,33.3,21.7,0,0,30.34,0
08/30/05,33.3,24.4,0,1,31.12,0
08/31/05,32.8,21.1,0,0,32,1
06/06/06,25.6,12.8,0,1,28.9,4
06/07/06,30,12.2,0,0,27.46,5
06/08/06,28.3,17.2,0,1,26.9,4
06/09/06,29.4,14.4,0,0,27.22,4
06/10/06,30,16.1,0,0,27.32,3
06/11/06,30,16.7,0,1,28.66,2
06/12/06,24.4,18.9,0,1,29.54,2
06/13/06,23.9,17.8,0,1,28.42,3
06/14/06,21.7,16.1,0,1,27.54,3
06/15/06,28.3,14.4,0,0,26,4
06/16/06,29.4,15,0,0,25.66,4
06/17/06,30.6,15.6,0,0,25.54,3
06/18/06,30.6,18.3,0,0,26.78,2
06/19/06,30.6,17.8,0,0,28.12,1
06/20/06,33.3,19.4,0,0,29.9,0
06/21/06,33.3,21.1,0,1,30.9,0
06/22/06,35,20,0,0,31.68,1
06/23/06,33.3,21.1,0,1,32.56,1
06/24/06,31.7,21.1,0,0,33.1,2
06/25/06,28.3,22.2,0,1,33.32,2
06/26/06,30,21.1,0,1,32.32,3
06/27/06,27.2,21.7,0,1,31.66,3
06/28/06,32.8,20,0,0,30.1,4
06/29/06,32.2,20,0,0,30,3
06/30/06,30,18.9,0,0,30.1,3
07/01/06,31.1,16.7,0,0,30.44,2
07/02/06,34.4,20,0,0,30.66,1
07/03/06,35,21.7,0,0,32.1,0
07/04/06,34.4,23.9,0,0,32.54,0
07/05/06,33.3,23.3,0,1,32.98,0
07/06/06,23.9,17.8,0,1,33.64,1
07/07/06,26.7,16.1,0,0,32.2,2
07/08/06,27.8,14.4,0,0,30.66,2
07/09/06,28.9,16.1,0,0,29.22,2
07/10/06,31.1,17.2,0,0,28.12,2
07/11/06,32.8,20.6,0,0,27.68,1
07/12/06,33.3,22.2,0,0,29.46,0
07/13/06,33.9,23.9,0,1,30.78,0
07/14/06,33.3,23.9,0,1,32,1
07/15/06,33.9,22.8,0,1,32.88,2
07/16/06,32.8,21.7,0,0,33.44,3
07/17/06,33.9,20,0,0,33.44,3
07/18/06,35,21.1,0,0,33.56,3
07/19/06,34.4,21.1,0,1,33.78,2
07/20/06,34.4,20.6,0,0,34,2
07/21/06,34.4,21.1,0,0,34.1,1
07/22/06,31.7,22.2,0,1,34.42,1
07/23/06,27.2,20.6,0,1,33.98,2
07/24/06,30.6,19.4,0,0,32.42,3
07/25/06,29.4,22.2,0,1,31.66,2
07/26/06,32.2,21.7,0,0,30.66,3
07/27/06,33.3,22.2,0,1,30.22,3
07/28/06,35.6,22.2,0,0,30.54,3
07/29/06,32.8,23.3,0,1,32.22,2
07/30/06,32.8,22.2,0,0,32.66,3
07/31/06,35,22.8,0,0,33.34,2
08/01/06,36.1,23.3,0,1,33.9,2
08/02/06,36.1,24.4,0,0,34.46,2
08/03/06,37.2,23.9,0,1,34.56,2
08/04/06,36.7,23.9,0,0,35.44,2
08/05/06,31.7,23.9,0,1,36.22,2
08/06/06,33.3,22.8,0,0,35.56,3
08/07/06,35,23.3,0,1,35,2
08/08/06,33.3,22.2,0,0,34.78,3
08/09/06,31.1,22.8,0,0,34,2
08/10/06,33.9,22.8,0,0,32.88,2
08/11/06,26.7,22.2,0,1,33.32,1
08/12/06,27.2,17.2,0,1,32,2
08/13/06,29.4,15,0,0,30.44,2
08/14/06,31.7,16.1,0,0,29.66,2
08/15/06,33.3,21.7,0,0,29.78,2
08/16/06,30.6,22.8,0,0,29.66,2
08/17/06,31.1,18.9,0,0,30.44,1
08/18/06,31.7,20,0,1,31.22,0
08/19/06,32.8,20.6,0,0,31.68,1
08/20/06,33.9,22.8,0,1,31.9,1
08/21/06,30.6,22.8,0,1,32.02,2
08/22/06,30,22.2,0,1,32.02,3
08/23/06,31.1,21.1,0,0,31.8,4
08/24/06,32.8,18.3,0,0,31.68,3
08/25/06,33.9,18.3,0,0,31.68,3
08/26/06,34.4,18.3,0,0,31.68,2
08/27/06,33.9,18.3,0,0,32.44,1
08/28/06,36.1,22.2,0,0,33.22,0
08/29/06,37.2,22.8,0,1,34.22,0
08/30/06,34.4,22.2,0,1,35.1,1
08/31/06,24.4,20.6,0,1,35.2,2
06/06/07,28.9,15.6,0,1,29.88,3
06/07/07,34.4,18.9,0,0,29.32,4
06/08/07,35.6,22.8,0,0,30.54,3
06/09/07,33.3,20,0,1,32.66,2
06/10/07,30.6,20.6,0,0,32.88,3
06/11/07,28.3,16.7,0,1,32.56,2
06/12/07,29.4,16.7,0,0,32.44,2
06/13/07,26.1,17.8,0,1,31.44,2
06/14/07,21.1,15.6,0,1,29.54,3
06/15/07,23.9,15,0,1,27.1,3
06/16/07,28.3,14.4,0,1,25.76,4
06/17/07,31.7,17.8,0,1,25.76,4
06/18/07,35.6,17.2,0,0,26.22,5
06/19/07,36.1,21.1,0,1,28.12,4
06/20/07,28.3,18.3,0,1,31.12,4
06/21/07,30.6,16.7,0,0,32,4
06/22/07,32.8,16.7,0,1,32.46,3
06/23/07,29.4,18.9,0,1,32.68,3
06/24/07,31.7,19.4,0,1,31.44,4
06/25/07,32.8,20,0,1,30.56,4
06/26/07,35,20.6,0,1,31.46,4
06/27/07,33.9,20.6,0,0,32.34,5
06/28/07,34.4,22.8,0,1,32.56,4
06/29/07,33.9,21.7,0,1,33.56,4
06/30/07,31.7,21.7,0,1,34,4
07/01/07,30,18.9,0,0,33.78,4
07/02/07,28.9,17.2,0,0,32.78,3
07/03/07,30,17.2,0,0,31.78,3
07/04/07,31.7,18.3,0,0,30.9,2
07/05/07,33.3,18.3,0,0,30.46,1
07/06/07,34.4,21.7,0,1,30.78,0
07/07/07,34.4,20,0,0,31.66,1
07/08/07,35,21.1,0,0,32.76,1
07/09/07,36.7,21.7,0,0,33.76,1
07/10/07,35,22.2,0,1,34.76,1
07/11/07,35,21.1,0,1,35.1,2
07/12/07,31.7,21.1,0,0,35.22,2
07/13/07,27.2,17.8,0,1,34.68,2
07/14/07,30.6,16.1,0,0,33.12,3
07/15/07,32.2,19.4,0,1,31.9,3
07/16/07,33.3,21.1,0,0,31.34,3
07/17/07,35.6,21.1,0,1,31,2
07/18/07,32.8,21.7,0,1,31.78,3
07/19/07,34.4,21.7,0,0,32.9,3
07/20/07,31.1,22.2,0,1,33.66,3
07/21/07,28.9,16.7,0,0,33.44,3
07/22/07,29.4,14.4,0,0,32.56,3
07/23/07,29.4,16.7,0,0,31.32,2
07/24/07,31.1,17.8,0,0,30.64,1
07/25/07,31.1,18.3,0,0,29.98,1
07/26/07,33.3,18.9,0,0,29.98,0
07/27/07,34.4,20.6,0,1,30.86,0
07/28/07,32.2,20.6,0,1,31.86,1
07/29/07,31.7,19.4,0,0,32.42,2
07/30/07,31.1,22.2,0,1,32.54,2
07/31/07,31.7,21.1,0,0,32.54,3
08/01/07,33.3,20.6,0,0,32.22,3
08/02/07,33.3,20.6,0,0,32,2
08/03/07,33.9,21.7,0,0,32.22,1
08/04/07,35.6,21.1,0,0,32.66,1
08/05/07,36.7,22.2,0,1,33.56,0
08/06/07,36.1,23.3,0,1,34.56,1
08/07/07,37.2,23.9,0,0,35.12,2
08/08/07,38.9,24.4,0,1,35.9,2
08/09/07,40,25.6,0,0,36.9,3
08/10/07,40,23.9,0,1,37.78,3
08/11/07,29.4,22.8,0,0,38.44,3
08/12/07,33.3,19.4,0,0,37.1,2
08/13/07,36.7,21.1,0,0,36.32,2
08/14/07,34.4,21.7,0,0,35.88,1
08/15/07,37.2,21.1,0,0,34.76,1
08/16/07,38.3,24.4,0,0,34.2,0
08/17/07,36.1,23.3,0,1,35.98,0
08/18/07,32.2,19.4,0,0,36.54,1
08/19/07,36.1,21.1,0,0,35.64,1
08/20/07,39.4,23.9,0,0,35.98,1
08/21/07,40.6,23.3,0,1,36.42,1
08/22/07,35,21.7,0,0,36.88,2
08/23/07,32.2,23.9,0,1,36.66,1
08/24/07,37.2,23.3,0,0,36.66,2
08/25/07,37.2,23.9,0,0,36.88,2
08/26/07,36.7,22.2,0,1,36.44,2
08/27/07,32.2,21.7,0,0,35.66,2
08/28/07,34.4,21.7,0,0,35.1,2
08/29/07,33.9,22.8,0,0,35.54,1
08/30/07,32.2,22.8,0,0,34.88,1
08/31/07,32.8,20,0,0,33.88,1
06/06/08,37.2,24.4,0,0,32.56,2
06/07/08,37.8,23.3,0,0,33.44,1
06/08/08,38.3,22.8,0,0,35.22,1
06/09/08,37.8,23.3,0,0,36.66,0
06/10/08,38.3,23.3,0,0,37.34,0
06/11/08,33.9,23.3,0,0,37.88,0
06/12/08,31.7,23.3,0,0,37.22,0
06/13/08,33.9,20,0,0,36,0
06/14/08,35.6,20.6,0,1,35.12,0
06/15/08,32.8,20.6,0,1,34.68,1
06/16/08,35,19.4,0,1,33.58,2
06/17/08,32.2,20,0,1,33.8,3
06/18/08,29.4,13.3,0,0,33.9,4
06/19/08,31.1,13.3,0,0,33,4
06/20/08,32.8,17.2,0,0,32.1,3
06/21/08,31.1,18.9,0,1,32.1,2
06/22/08,30.6,18.3,0,1,31.32,2
06/23/08,31.7,19.4,0,1,31,2
06/24/08,32.8,17.2,0,0,31.46,3
06/25/08,35,16.7,0,0,31.8,3
06/26/08,36.1,22.2,0,0,32.24,3
06/27/08,35.6,21.7,0,1,33.24,2
06/28/08,36.7,21.1,0,1,34.24,2
06/29/08,35,20.6,0,1,35.24,2
06/30/08,31.7,20.6,0,1,35.68,3
07/01/08,27.2,16.7,0,0,35.02,4
07/02/08,31.1,13.3,0,0,33.24,4
07/03/08,33.3,19.4,0,0,32.34,3
07/04/08,35,20.6,0,1,31.66,2
07/05/08,30.6,20.6,0,1,31.66,2
07/06/08,30.6,21.1,0,1,31.44,2
07/07/08,30.6,20.6,0,1,32.12,3
07/08/08,31.1,21.1,0,1,32.02,4
07/09/08,32.2,21.1,0,1,31.58,5
07/10/08,31.7,21.7,0,1,31.02,5
07/11/08,30.6,22.2,0,1,31.24,5
07/12/08,31.7,20,0,0,31.24,5
07/13/08,32.8,20,0,0,31.46,4
07/14/08,26.1,20.6,0,1,31.8,3
07/15/08,30.6,18.9,0,0,30.58,3
07/16/08,31.1,18.3,0,0,30.36,2
07/17/08,31.7,17.8,0,0,30.46,1
07/18/08,32.8,18.3,0,1,30.46,1
07/19/08,32.2,21.1,0,1,30.46,2
07/20/08,33.9,21.7,0,0,31.68,2
07/21/08,36.1,22.2,0,0,32.34,2
07/22/08,36.1,22.2,0,0,33.34,2
07/23/08,32.2,21.1,0,0,34.22,2
07/24/08,30.6,18.3,0,0,34.1,1
07/25/08,30,17.2,0,0,33.78,0
07/26/08,30.6,18.9,0,0,33,0
07/27/08,32.8,22.2,0,1,31.9,0
07/28/08,33.9,21.1,0,0,31.24,1
07/29/08,33.3,22.2,0,0,31.58,1
07/30/08,33.9,23.9,0,1,32.12,1
07/31/08,35,22.8,0,1,32.9,2
08/01/08,34.4,22.8,0,0,33.78,3
08/02/08,35,21.7,0,1,34.1,2
08/03/08,33.3,21.1,0,0,34.32,3
08/04/08,34.4,18.9,0,0,34.32,3
08/05/08,35.6,22.2,0,0,34.42,2
08/06/08,35.6,22.8,0,0,34.54,1
08/07/08,33.9,22.8,0,0,34.78,1
08/08/08,32.8,21.1,0,0,34.56,0
08/09/08,31.7,17.8,0,0,34.46,0
08/10/08,31.1,18.9,0,1,33.92,0
08/11/08,30,18.3,0,0,33.02,1
08/12/08,31.7,13.3,0,0,31.9,1
08/13/08,23.3,16.1,0,1,31.46,1
08/14/08,29.4,15.6,0,0,29.56,2
08/15/08,32.8,18.9,0,1,29.1,2
08/16/08,30,19.4,0,0,29.44,2
08/17/08,29.4,18.3,0,1,29.44,2
08/18/08,31.7,17.8,0,0,28.98,3
08/19/08,35,19.4,0,0,30.66,2
08/20/08,33.3,20,0,1,31.78,2
08/21/08,31.1,21.1,0,0,31.88,2
08/22/08,31.1,17.8,0,0,32.1,2
08/23/08,31.1,18.9,0,0,32.44,1
08/24/08,32.8,19.4,0,0,32.32,1
08/25/08,31.1,20.6,0,1,31.88,1
08/26/08,27.2,22.2,0,1,31.44,1
08/27/08,28.9,21.7,0,1,30.66,2
08/28/08,31.7,22.2,0,1,30.22,3
08/29/08,31.7,21.1,0,0,30.34,4
08/30/08,32.8,21.1,0,0,30.12,4
08/31/08,32.2,20.6,0,1,30.46,3
06/06/09,24.4,17.2,0,0,31.44,2
06/07/09,30,16.7,0,0,30.2,2
06/08/09,32.8,18.9,0,0,29.32,2
06/09/09,34.4,18.9,0,1,29.22,2
06/10/09,29.4,18.3,0,1,29.66,2
06/11/09,31.7,20.6,0,1,30.2,2
06/12/09,32.8,19.4,0,0,31.66,3
06/13/09,33.3,21.1,0,0,32.22,3
06/14/09,30,21.1,0,0,32.32,3
06/15/09,29.4,20,0,1,31.44,2
06/16/09,22.8,18.9,0,1,31.44,2
06/17/09,26.7,20,0,1,29.66,2
06/18/09,32.8,21.7,0,1,28.44,3
06/19/09,32.8,21.1,0,0,28.34,4
06/20/09,35.6,23.3,0,0,28.9,4
06/21/09,32.2,22.2,0,0,30.14,3
06/22/09,31.1,20,0,0,32.02,2
06/23/09,31.7,20,0,1,32.9,1
06/24/09,32.8,20,0,0,32.68,1
06/25/09,35,17.8,0,0,32.68,1
06/26/09,36.1,20.6,0,0,32.56,1
06/27/09,34.4,21.7,0,0,33.34,1
06/28/09,33.3,17.2,0,0,34,1
06/29/09,33.3,22.2,0,0,34.32,0
06/30/09,35,17.8,0,0,34.42,0
07/01/09,36.1,18.3,0,1,34.42,0
07/02/09,33.3,19.4,0,1,34.42,1
07/03/09,30.6,18.3,0,1,34.2,2
07/04/09,32.2,15.6,0,0,33.66,3
07/05/09,27.8,21.1,0,1,33.44,3
07/06/09,28.3,21.1,0,1,32,4
07/07/09,32.8,17.8,0,0,30.44,4
07/08/09,32.8,18.3,0,0,30.34,3
07/09/09,30.6,20.6,0,0,30.78,2
07/10/09,28.9,18.9,0,0,30.46,2
07/11/09,32.8,19.4,0,1,30.68,1
07/12/09,36.1,22.2,0,0,31.58,1
07/13/09,27.8,20.6,0,1,32.24,1
07/14/09,31.1,18.3,0,0,31.24,2
07/15/09,33.3,17.2,0,0,31.34,2
07/16/09,32.8,23.3,0,1,32.22,2
07/17/09,36.1,22.8,0,1,32.22,2
07/18/09,30,21.7,0,1,32.22,3
07/19/09,31.1,18.9,0,0,32.66,3
07/20/09,26.1,19.4,0,1,32.66,3
07/21/09,31.1,20,0,0,31.22,4
07/22/09,33.3,20,0,0,30.88,3
07/23/09,33.9,22.2,0,1,30.32,2
07/24/09,33.3,21.7,0,1,31.1,2
07/25/09,35.6,19.4,0,1,31.54,3
07/26/09,37.2,22.8,0,1,33.44,3
07/27/09,34.4,22.8,0,0,34.66,4
07/28/09,35,20.6,0,1,34.88,4
07/29/09,33.3,22.2,0,1,35.1,4
07/30/09,35,23.3,0,1,35.1,4
07/31/09,33.9,22.8,0,1,34.98,4
08/01/09,33.3,22.8,0,0,34.32,4
08/02/09,28.3,23.3,0,1,34.1,4
08/03/09,35,21.1,0,1,32.76,4
08/04/09,35,19.4,0,1,33.1,4
08/05/09,35.6,22.2,0,1,33.1,4
08/06/09,29.4,21.1,0,1,33.44,4
08/07/09,31.1,20,0,0,32.66,5
08/08/09,32.8,20.6,0,0,33.22,4
08/09/09,37.2,21.1,0,0,32.78,3
08/10/09,37.2,22.2,0,0,33.22,2
08/11/09,37.2,22.8,0,0,33.54,1
08/12/09,28.9,21.7,0,1,35.1,0
08/13/09,27.2,21.7,0,1,34.66,1
08/14/09,29.4,21.7,0,0,33.54,2
08/15/09,31.1,21.7,0,0,31.98,2
08/16/09,32.2,20.6,0,1,30.76,2
08/17/09,33.9,20,0,1,29.76,3
08/18/09,35.6,22.2,0,0,30.76,3
08/19/09,36.7,22.8,0,0,32.44,2
08/20/09,33.3,22.8,0,1,33.9,2
08/21/09,34.4,24.4,0,0,34.34,3
08/22/09,30,21.1,0,1,34.78,2
08/23/09,29.4,20.6,0,1,34,2
08/24/09,30.6,20,0,0,32.76,3
08/25/09,31.1,20,0,0,31.54,3
08/26/09,35,19.4,0,0,31.1,2
08/27/09,34.4,21.1,0,0,31.22,2
08/28/09,32.2,21.7,0,1,32.1,1
08/29/09,33.3,21.7,0,1,32.66,1
08/30/09,30,20.6,0,1,33.2,2
08/31/09,22.2,18.3,0,1,32.98,3
06/06/10,33.9,22.2,0,1,31.76,3
06/07/10,27.8,17.8,0,0,32.66,3
06/08/10,28.3,17.8,0,0,32,2
06/09/10,31.1,20,0,0,31.32,2
06/10/10,32.8,23.3,0,0,30.88,2
06/11/10,32.8,21.1,0,0,30.78,1
06/12/10,34.4,20,0,1,30.56,0
06/13/10,35.6,22.2,0,1,31.88,1
06/14/10,33.9,21.7,0,0,33.34,2
06/15/10,34.4,22.2,0,1,33.9,2
06/16/10,32.8,22.8,0,1,34.22,3
06/17/10,32.8,21.7,0,0,34.22,4
06/18/10,31.1,20.6,0,0,33.9,3
06/19/10,33.9,22.8,0,0,33,2
06/20/10,34.4,22.2,0,0,33,2
06/21/10,33.9,20.6,0,0,33,1
06/22/10,36.7,20.6,0,0,33.22,0
06/23/10,36.1,22.8,0,1,34,0
06/24/10,37.2,22.8,0,0,35,1
06/25/10,34.4,25,0,0,35.66,1
06/26/10,36.1,22.8,0,0,35.66,1
06/27/10,38.3,22.8,0,0,36.1,1
06/28/10,37.2,22.8,0,0,36.42,1
06/29/10,35.6,23.9,0,0,36.64,0
06/30/10,25.6,20.6,0,1,36.32,0
07/01/10,27.2,17.8,0,0,34.56,1
07/02/10,28.3,14.4,0,0,32.78,1
07/03/10,30.6,13.9,0,0,30.78,1
07/04/10,33.9,16.1,0,0,29.46,1
07/05/10,36.1,17.8,0,0,29.12,1
07/06/10,38.3,18.9,0,0,31.22,0
07/07/10,38.9,20.6,0,0,33.44,0
07/08/10,37.2,22.8,0,1,35.56,0
07/09/10,35,22.2,0,1,36.88,1
07/10/10,32.8,23.3,0,1,37.1,2
07/11/10,35.6,22.8,0,0,36.44,3
07/12/10,30.6,23.3,0,1,35.9,3
07/13/10,33.9,22.2,0,1,34.24,4
07/14/10,33.3,22.2,0,1,33.58,4
07/15/10,35.6,21.7,0,0,33.24,4
07/16/10,36.1,25,0,0,33.8,3
07/17/10,31.1,22.2,0,1,33.9,3
07/18/10,35,21.7,0,1,34,3
07/19/10,33.9,23.9,0,0,34.22,3
07/20/10,36.7,22.8,0,1,34.34,2
07/21/10,36.1,23.9,0,1,34.56,3
07/22/10,36.1,23.9,0,0,34.56,4
07/23/10,37.8,24.4,0,1,35.56,3
07/24/10,37.8,26.1,0,0,36.12,3
07/25/10,38.9,26.7,0,0,36.9,3
07/26/10,34.4,25,0,0,37.34,2
07/27/10,28.3,22.2,0,1,37,1
07/28/10,34.4,23.3,0,0,35.44,2
07/29/10,36.1,23.3,0,1,34.76,1
07/30/10,31.7,22.8,0,0,34.42,2
07/31/10,25.6,17.8,0,1,32.98,2
08/01/10,26.1,18.9,0,1,31.22,3
08/02/10,30,21.1,0,0,30.78,3
08/03/10,32.8,21.7,0,0,29.9,3
08/04/10,35,23.3,0,1,29.24,2
08/05/10,35,23.3,0,1,29.9,3
08/06/10,33.3,22.2,0,0,31.78,3
08/07/10,31.7,22.2,0,0,33.22,2
08/08/10,32.2,21.7,0,0,33.56,2
08/09/10,33.9,21.7,0,0,33.44,2
08/10/10,36.1,23.3,0,0,33.22,1
08/11/10,36.7,25.6,0,1,33.44,0
08/12/10,36.1,24.4,0,1,34.12,1
08/13/10,31.1,23.3,0,0,35,2
08/14/10,31.1,23.3,0,0,34.78,2
08/15/10,33.9,23.3,0,0,34.22,2
08/16/10,35,23.3,0,0,33.78,2
08/17/10,36.1,23.3,0,0,33.44,1
08/18/10,35.6,23.9,0,1,33.44,0
08/19/10,28.9,23.9,0,1,34.34,1
08/20/10,32.2,21.7,0,1,33.9,2
08/21/10,32.2,19.4,0,0,33.56,3
08/22/10,32.8,22.8,0,1,33,3
08/23/10,31.7,22.2,0,1,32.34,4
08/24/10,28.3,21.1,0,1,31.56,4
08/25/10,26.7,19.4,0,1,31.44,4
08/26/10,32.2,18.9,0,0,30.34,4
08/27/10,32.8,19.4,0,0,30.34,4
08/28/10,32.2,21.1,0,0,30.34,3
08/29/10,32.2,19.4,0,0,30.44,2
08/30/10,36.7,18.3,0,0,31.22,1
08/31/10,36.1,18.3,0,0,33.22,0
06/06/11,32.2,20.6,0,0,32.66,0
06/07/11,33.9,17.8,0,0,32.1,0
06/08/11,36.1,22.2,0,0,31.88,0
06/09/11,36.1,23.3,0,0,33.22,0
06/10/11,35.6,22.2,0,1,34.1,0
06/11/11,34.4,21.1,0,1,34.78,1
06/12/11,34.4,19.4,0,1,35.22,2
06/13/11,29.4,20.6,0,0,35.32,3
06/14/11,28.9,17.8,0,0,33.98,3
06/15/11,28.3,14.4,0,0,32.54,3
06/16/11,32.8,20,0,0,31.08,2
06/17/11,33.3,19.4,0,0,30.76,1
06/18/11,35,20,0,1,30.54,0
06/19/11,33.3,18.9,0,0,31.66,1
06/20/11,33.9,20.6,0,0,32.54,1
06/21/11,35,21.7,0,0,33.66,1
06/22/11,35.6,22.2,0,0,34.1,1
06/23/11,33.3,23.3,0,0,34.56,1
06/24/11,35.6,22.2,0,1,34.22,0
06/25/11,31.7,21.1,0,0,34.68,1
06/26/11,34.4,20,0,1,34.24,1
06/27/11,33.9,22.8,0,1,34.12,2
06/28/11,37.2,22.2,0,1,33.78,3
06/29/11,33.9,20,0,1,34.56,4
06/30/11,32.8,18.9,0,0,34.22,4
07/01/11,33.9,18.3,0,0,34.44,4
07/02/11,35,18.9,0,0,34.34,3
07/03/11,36.1,22.2,0,1,34.56,2
07/04/11,37.2,21.1,0,1,34.34,2
07/05/11,33.3,21.1,0,0,35,2
07/06/11,31.7,22.8,0,1,35.1,2
07/07/11,34.4,21.1,0,1,34.66,3
07/08/11,33.3,23.3,0,1,34.54,4
07/09/11,31.7,22.8,0,1,33.98,4
07/10/11,33.3,20.6,0,0,32.88,4
07/11/11,35.6,23.3,0,0,32.88,4
07/12/11,37.8,25.6,0,0,33.66,3
07/13/11,36.1,24.4,0,1,34.34,2
07/14/11,30.6,20.6,0,0,34.9,2
07/15/11,30,15.6,0,0,34.68,1
07/16/11,31.7,17.2,0,0,34.02,1
07/17/11,31.1,20,0,0,33.24,1
07/18/11,34.4,20,0,0,31.9,1
07/19/11,35.6,21.1,0,0,31.56,0
07/20/11,37.8,23.9,0,1,32.56,0
07/21/11,38.9,25,0,0,34.12,1
07/22/11,39.4,25.6,0,0,35.56,1
07/23/11,39.4,25.6,0,0,37.22,1
07/24/11,38.3,26.1,0,0,38.22,1
07/25/11,36.1,23.3,0,1,38.76,1
07/26/11,33.9,22.8,0,0,38.42,1
07/27/11,37.2,22.8,0,0,37.42,1
07/28/11,38.9,23.9,0,0,36.98,1
07/29/11,40,23.9,0,0,36.88,1
07/30/11,37.8,23.9,0,1,37.22,1
07/31/11,29.4,22.8,0,1,37.56,1
08/01/11,34.4,21.7,0,0,36.66,2
08/02/11,36.1,21.1,0,0,36.1,2
08/03/11,36.7,22.8,0,1,35.54,2
08/04/11,35,25,0,0,34.88,3
08/05/11,31.7,24.4,0,1,34.32,2
08/06/11,31.7,22.8,0,0,34.78,2
08/07/11,35.6,23.9,0,0,34.24,2
08/08/11,35.6,22.8,0,0,34.14,2
08/09/11,34.4,22.8,0,0,33.92,1
08/10/11,34.4,21.1,0,0,33.8,1
08/11/11,31.7,21.7,0,0,34.34,0
08/12/11,31.1,21.7,0,0,34.34,0
08/13/11,27.8,21.7,0,1,33.44,0
08/14/11,30.6,18.3,0,1,31.88,1
08/15/11,29.4,17.8,0,0,31.12,2
08/16/11,31.1,17.8,0,0,30.12,2
08/17/11,31.7,17.8,0,0,30,2
08/18/11,31.7,20.6,0,0,30.12,2
08/19/11,32.8,20.6,0,0,30.9,1
08/20/11,31.7,20.6,0,0,31.34,0
08/21/11,33.3,21.7,0,1,31.8,0
08/22/11,31.7,21.1,0,0,32.24,1
08/23/11,28.9,18.9,0,0,32.24,1
08/24/11,31.1,18.3,0,0,31.68,1
08/25/11,32.8,22.2,0,0,31.34,1
08/26/11,31.7,23.3,0,1,31.56,1
08/27/11,25.6,22.2,0,1,31.24,1
08/28/11,33.3,20.6,0,0,30.02,2
08/29/11,32.2,19.4,0,1,30.9,2
08/30/11,27.8,18.9,0,0,31.12,3
08/31/11,28.3,16.7,0,0,30.12,3
06/06/12,23.3,13.9,0,1,27.08,2
06/07/12,27.2,12.2,0,0,25.52,2
06/08/12,28.9,13.9,0,0,26.08,2
06/09/12,31.7,13.9,0,0,26.42,2
06/10/12,31.7,18.3,0,0,27.1,2
06/11/12,28.9,21.7,0,1,28.56,1
06/12/12,28.3,20,0,1,29.68,1
06/13/12,28.9,17.2,0,1,29.9,2
06/14/12,26.1,13.9,0,1,29.9,3
06/15/12,26.7,15,0,0,28.78,4
06/16/12,26.7,11.7,0,0,27.78,4
06/17/12,27.2,12.2,0,0,27.34,3
06/18/12,30,17.2,0,1,27.12,2
06/19/12,33.3,19.4,0,0,27.34,2
06/20/12,34.4,20.6,0,0,28.78,1
06/21/12,35.6,21.7,0,0,30.32,1
06/22/12,35,21.7,0,1,32.1,1
06/23/12,31.7,21.1,0,0,33.66,2
06/24/12,33.3,20,0,0,34,1
06/25/12,33.9,22.2,0,0,34,1
06/26/12,27.2,16.1,0,0,33.9,1
06/27/12,30.6,12.8,0,0,32.22,1
06/28/12,36.1,15.6,0,0,31.34,0
06/29/12,40.6,21.7,0,1,32.22,0
06/30/12,40.6,21.1,0,0,33.68,1
07/01/12,39.4,23.9,0,0,35.02,1
07/02/12,34.4,23.3,0,0,37.46,1
07/03/12,38.3,22.2,0,0,38.22,1
07/04/12,38.3,22.8,0,1,38.66,1
07/05/12,38.3,22.2,0,0,38.2,1
07/06/12,37.8,21.7,0,1,37.74,1
07/07/12,38.9,22.2,0,0,37.42,2
07/08/12,40.6,24.4,0,0,38.32,2
07/09/12,35.6,22.8,0,1,38.78,2
07/10/12,30,22.8,0,1,38.24,2
07/11/12,26.7,20,0,1,36.58,3
07/12/12,28.3,20.6,0,1,34.36,3
07/13/12,31.1,22.2,0,1,32.24,4
07/14/12,33.3,23.3,0,0,30.34,5
07/15/12,34.4,23.3,0,0,29.88,4
07/16/12,35.6,23.3,0,0,30.76,3
07/17/12,36.7,21.7,0,0,32.54,2
07/18/12,36.7,23.9,0,0,34.22,1
07/19/12,37.2,24.4,0,1,35.34,0
07/20/12,35,23.3,0,1,36.12,1
07/21/12,33.9,21.7,0,1,36.24,2
07/22/12,31.1,22.2,0,1,35.9,3
07/23/12,35.6,22.2,0,1,34.78,4
07/24/12,35.6,22.8,0,1,34.56,5
07/25/12,32.2,21.1,0,0,34.24,5
07/26/12,36.7,24.4,0,0,33.68,4
07/27/12,37.2,23.3,0,1,34.24,3
07/28/12,35,20,0,1,35.46,3
07/29/12,33.3,19.4,0,0,35.34,3
07/30/12,31.7,21.7,0,0,34.88,2
07/31/12,31.1,21.7,0,0,34.78,2
08/01/12,32.2,22.2,0,1,33.66,2
08/02/12,33.9,22.2,0,1,32.66,2
08/03/12,33.9,21.1,0,0,32.44,2
08/04/12,33.3,23.9,0,0,32.56,2
08/05/12,33.3,23.3,0,1,32.88,2
08/06/12,33.9,23.3,0,1,33.32,3
08/07/12,30.6,23.3,0,1,33.66,3
08/08/12,31.7,20.6,0,1,33,3
08/09/12,31.7,18.9,0,0,32.56,4
08/10/12,30.6,22.2,0,1,32.24,4
08/11/12,31.1,22.2,0,1,31.7,4
08/12/12,30.6,21.7,0,1,31.14,4
08/13/12,32.2,19.4,0,0,31.14,4
08/14/12,32.8,18.9,0,0,31.24,3
08/15/12,31.1,21.7,0,1,31.46,3
08/16/12,31.7,20.6,0,0,31.56,3
08/17/12,33.3,18.3,0,1,31.68,2
08/18/12,30,19.4,0,0,32.22,2
08/19/12,23.9,20.6,0,1,31.78,2
08/20/12,27.2,19.4,0,1,30,3
08/21/12,27.8,20.6,0,1,29.22,3
08/22/12,27.2,20.6,0,1,28.44,4
08/23/12,28.9,19.4,0,0,27.22,4
08/24/12,25,20,0,1,27,4
08/25/12,22.2,17.2,0,1,27.22,4
08/26/12,28.9,18.3,0,0,26.22,4
08/27/12,31.1,21.1,0,1,26.44,3
08/28/12,30.6,22.8,0,1,27.22,3
08/29/12,30,21.1,0,0,27.56,4
08/30/12,31.7,20,0,0,28.56,3
08/31/12,33.3,21.7,0,0,30.46,2
06/06/13,25,18.9,0,0,28.9,0
06/07/13,24.4,20,0,0,27.56,0
06/08/13,28.9,18.9,0,0,26.32,0
06/09/13,30.6,19.4,0,0,26.44,0
06/10/13,29.4,21.1,0,0,27.34,0
06/11/13,30,21.1,0,0,27.66,0
06/12/13,32.2,17.8,0,0,28.66,0
06/13/13,34.4,20,0,0,30.22,0
06/14/13,26.7,15,0,0,31.32,0
06/15/13,29.4,13.9,0,0,30.54,0
06/16/13,30.6,16.7,0,0,30.54,0
06/17/13,30.6,21.7,0,0,30.66,0
06/18/13,29.4,20.6,0,0,30.34,0
06/19/13,26.7,18.3,0,0,29.34,0
06/20/13,27.8,17.2,0,0,29.34,0
06/21/13,28.3,12.8,0,0,29.02,0
06/22/13,27.8,20.6,0,0,28.56,0
06/23/13,30,19.4,0,0,28,0
06/24/13,31.7,21.7,0,0,28.12,0
06/25/13,33.3,21.1,0,0,29.12,0
06/26/13,33.3,20.6,0,0,30.22,0
06/27/13,31.7,19.4,0,0,31.22,0
06/28/13,33.3,20.6,0,0,32,0
06/29/13,30,20,0,0,32.66,0
06/30/13,30.6,20,0,0,32.32,0
07/01/13,28.3,20.6,0,0,31.78,0
07/02/13,25,22.2,0,0,30.78,0
07/03/13,29.4,22.8,0,0,29.44,0
07/04/13,31.1,22.8,0,0,28.66,0
07/05/13,31.7,22.2,0,0,28.88,0
07/06/13,31.1,22.8,0,0,29.1,0
07/07/13,31.7,21.1,0,0,29.66,0
07/08/13,32.2,22.2,0,0,31,0
07/09/13,31.7,22.2,0,0,31.56,0
07/10/13,31.7,22.8,0,0,31.68,0
07/11/13,28.9,22.2,0,0,31.68,0
07/12/13,25,21.1,0,0,31.24,0
07/13/13,25.6,21.1,0,0,29.9,0
07/14/13,31.1,21.1,0,0,28.58,0
07/15/13,32.2,20.6,0,0,28.46,0
07/16/13,34.4,20.6,0,0,28.56,0
07/17/13,33.9,23.3,0,0,29.66,0
07/18/13,33.9,22.8,0,0,31.44,0
07/19/13,33.3,23.9,0,0,33.1,0
07/20/13,32.2,23.3,0,0,33.54,0
07/21/13,31.7,22.8,0,0,33.54,0
07/22/13,32.8,22.2,0,0,33,0
07/23/13,32.8,23.3,0,0,32.78,0
07/24/13,35.6,21.7,0,0,32.56,0
07/25/13,26.7,18.9,0,0,33.02,0
07/26/13,30,16.7,0,0,31.92,0
07/27/13,31.1,20,0,0,31.58,0
07/28/13,32.2,20.6,0,0,31.24,0
07/29/13,30.6,20.6,0,0,31.12,0
07/30/13,30.6,16.7,0,0,30.12,0
07/31/13,28.3,21.1,0,0,30.9,0
08/01/13,30.6,21.1,0,0,30.56,0
08/02/13,31.7,19.4,0,0,30.46,0
08/03/13,32.8,21.1,0,0,30.36,0
08/04/13,28.9,18.9,0,0,30.8,0
08/05/13,27.8,17.8,0,0,30.46,0
08/06/13,28.9,19.4,0,0,30.36,0
08/07/13,30.6,21.1,0,0,30.02,0
08/08/13,32.8,22.2,0,0,29.8,0
08/09/13,33.3,23.3,0,0,29.8,0
08/10/13,34.4,22.8,0,0,30.68,0
08/11/13,33.3,21.7,0,0,32,0
08/12/13,33.3,22.8,0,0,32.88,0
08/13/13,32.2,21.7,0,0,33.42,0
08/14/13,23.9,16.1,0,0,33.3,0
08/15/13,24.4,15,0,0,31.42,0
08/16/13,21.7,15,0,0,29.42,0
08/17/13,22.8,17.8,0,0,27.1,0
08/18/13,27.2,19.4,0,0,25,0
08/19/13,23.9,19.4,0,0,24,0
08/20/13,28.3,20,0,0,24,0
08/21/13,31.1,21.1,0,0,24.78,0
08/22/13,31.7,21.1,0,0,26.66,0
08/23/13,31.1,19.4,0,0,28.44,0
08/24/13,28.3,18.3,0,0,29.22,0
08/25/13,26.7,15.6,0,0,30.1,0
08/26/13,28.3,12.8,0,0,29.78,0
08/27/13,31.7,16.7,0,0,29.22,0
08/28/13,28.3,21.1,0,0,29.22,0
08/29/13,30.6,22.2,0,0,28.66,0
08/30/13,31.1,18.3,0,0,29.12,0
08/31/13,32.2,20,0,0,30,0
06/06/14,28.3,20,0,0,30.34,0
06/07/14,29.4,16.7,0,0,30.88,0
06/08/14,30.6,18.3,0,0,31.1,0
06/09/14,32.2,20.6,0,0,30.88,0
06/10/14,34.4,20,0,0,30.66,0
06/11/14,34.4,20,0,0,30.98,0
06/12/14,29.4,20.6,0,0,32.2,0
06/13/14,31.1,19.4,0,0,32.2,0
06/14/14,30,15.6,0,0,32.3,0
06/15/14,30.6,14.4,0,0,31.86,0
06/16/14,35,20.6,0,0,31.1,0
06/17/14,35.6,21.1,0,0,31.22,0
06/18/14,36.1,21.1,0,0,32.46,0
06/19/14,36.1,21.1,0,0,33.46,0
06/20/14,32.8,20,0,0,34.68,0
06/21/14,32.8,20,0,0,35.12,0
06/22/14,28.9,20,0,0,34.68,0
06/23/14,29.4,18.3,0,0,33.34,0
06/24/14,30,18.3,0,0,32,0
06/25/14,33.9,22.8,0,0,30.78,0
06/26/14,33.9,20.6,0,0,31,0
06/27/14,29.4,21.1,0,0,31.22,0
06/28/14,29.4,20.6,0,0,31.32,0
06/29/14,29.4,15.6,0,0,31.32,0
06/30/14,32.2,18.9,0,0,31.2,0
07/01/14,33.9,23.3,0,0,30.86,0
07/02/14,36.1,24.4,0,0,30.86,0
07/03/14,32.2,23.3,0,0,32.2,0
07/04/14,31.1,21.7,0,0,32.76,0
07/05/14,28.3,16.1,0,0,33.1,0
07/06/14,32.2,16.1,0,0,32.32,0
07/07/14,35.6,19.4,0,0,31.98,0
07/08/14,36.7,23.3,0,0,31.88,0
07/09/14,35.6,23.3,0,0,32.78,0
07/10/14,31.1,21.7,0,0,33.68,0
07/11/14,30,20.6,0,0,34.24,0
07/12/14,32.2,18.9,0,0,33.8,0
07/13/14,34.4,21.7,0,0,33.12,0
07/14/14,36.7,23.9,0,0,32.66,0
07/15/14,34.4,21.1,0,0,32.88,0
07/16/14,26.7,17.8,0,0,33.54,0
07/17/14,28.9,15.6,0,0,32.88,0
07/18/14,30,17.8,0,0,32.22,0
07/19/14,27.8,18.9,0,0,31.34,0
07/20/14,27.2,20,0,0,29.56,0
07/21/14,26.1,22.8,0,0,28.12,0
07/22/14,29.4,22.2,0,0,28,0
07/23/14,33.3,21.7,0,0,28.1,0
07/24/14,31.1,20,0,0,28.76,0
07/25/14,28.3,18.9,0,0,29.42,0
07/26/14,32.2,20.6,0,0,29.64,0
07/27/14,30.6,22.2,0,0,30.86,0
07/28/14,31.1,21.1,0,0,31.1,0
07/29/14,27.8,17.2,0,0,30.66,0
07/30/14,27.2,17.2,0,0,30,0
07/31/14,27.8,18.9,0,0,29.78,0
08/01/14,24.4,18.3,0,0,28.9,0
08/02/14,21.1,17.8,0,0,27.66,0
08/03/14,26.7,19.4,0,0,25.66,0
08/04/14,29.4,20,0,0,25.44,0
08/05/14,31.1,20,0,0,25.88,0
08/06/14,32.2,21.1,0,0,26.54,0
08/07/14,30,20.6,0,0,28.1,0
08/08/14,27.2,20.6,0,0,29.88,0
08/09/14,23.3,17.8,0,0,29.98,0
08/10/14,27.2,18.9,0,0,28.76,0
08/11/14,28.9,21.1,0,0,27.98,0
08/12/14,30.6,21.1,0,0,27.32,0
08/13/14,27.8,19.4,0,0,27.44,0
08/14/14,28.3,14.4,0,0,27.56,0
08/15/14,30,16.1,0,0,28.56,0
08/16/14,31.7,20,0,0,29.12,0
08/17/14,31.7,21.1,0,0,29.68,0
08/18/14,31.1,21.1,0,0,29.9,0
08/19/14,30,20.6,0,0,30.56,0
08/20/14,32.2,21.1,0,0,30.9,0
08/21/14,32.8,21.7,0,0,31.34,0
08/22/14,33.3,21.7,0,0,31.56,0
08/23/14,28.9,22.2,0,0,31.88,0
08/24/14,27.2,17.2,0,0,31.44,0
08/25/14,26.1,15.6,0,0,30.88,0
08/26/14,27.8,15.6,0,0,29.66,0
08/27/14,30,14.4,0,0,28.66,0
08/28/14,33.3,18.3,0,0,28,0
08/29/14,27.8,22.2,0,0,28.88,0
08/30/14,31.7,22.2,0,0,29,0
08/31/14,32.8,22.8,0,0,30.12,0
06/06/15,31.1,15,0,0,25.12,0
06/07/15,30,16.7,0,0,24.9,0
06/08/15,31.7,18.3,0,0,25.34,0
06/09/15,31.7,19.4,0,0,27.68,0
06/10/15,31.1,19.4,0,0,30.02,0
06/11/15,33.9,21.1,0,0,31.12,0
06/12/15,32.2,21.7,0,0,31.68,0
06/13/15,35,23.3,0,0,32.12,0
06/14/15,35.6,21.7,0,0,32.78,0
06/15/15,37.2,22.2,0,0,33.56,0
06/16/15,37.8,22.8,0,0,34.78,0
06/17/15,35.6,23.3,0,0,35.56,0
06/18/15,36.7,21.7,0,0,36.24,0
06/19/15,35,22.2,0,0,36.58,0
06/20/15,35.6,21.7,0,0,36.46,0
06/21/15,35,22.8,0,0,36.14,0
06/22/15,35.6,21.1,0,0,35.58,0
06/23/15,36.7,24.4,0,0,35.58,0
06/24/15,35,23.3,0,0,35.58,0
06/25/15,33.3,21.7,0,0,35.58,0
06/26/15,33.3,20.6,0,0,35.12,0
06/27/15,31.1,21.1,0,0,34.78,0
06/28/15,28.9,17.8,0,0,33.88,0
06/29/15,31.1,15.6,0,0,32.32,0
06/30/15,33.3,19.4,0,0,31.54,0
07/01/15,30.6,19.4,0,0,31.54,0
07/02/15,30.6,22.2,0,0,31,0
07/03/15,25.6,20.6,0,0,30.9,0
07/04/15,30.6,20.6,0,0,30.24,0
07/05/15,32.2,20.6,0,0,30.14,0
07/06/15,31.7,21.1,0,0,29.92,0
07/07/15,32.8,21.1,0,0,30.14,0
07/08/15,32.8,22.2,0,0,30.58,0
07/09/15,34.4,22.2,0,0,32.02,0
07/10/15,34.4,22.8,0,0,32.78,0
07/11/15,32.8,22.2,0,0,33.22,0
07/12/15,30,18.9,0,0,33.44,0
07/13/15,31.1,21.7,0,0,32.88,0
07/14/15,31.1,21.1,0,0,32.54,0
07/15/15,31.1,23.3,0,0,31.88,0
07/16/15,30,22.2,0,0,31.22,0
07/17/15,32.2,20,0,0,30.66,0
07/18/15,33.9,23.3,0,0,31.1,0
07/19/15,33.9,22.2,0,0,31.66,0
07/20/15,33.9,22.2,0,0,32.22,0
07/21/15,33.9,22.8,0,0,32.78,0
07/22/15,31.1,21.7,0,0,33.56,0
07/23/15,27.8,22.2,0,0,33.34,0
07/24/15,30,20,0,0,32.12,0
07/25/15,31.1,17.8,0,0,31.34,0
07/26/15,31.7,18.9,0,0,30.78,0
07/27/15,32.2,22.2,0,0,30.34,0
07/28/15,32.2,22.8,0,0,30.56,0
07/29/15,32.8,23.9,0,0,31.44,0
07/30/15,34.4,22.8,0,0,32,0
07/31/15,32.8,21.7,0,0,32.66,0
08/01/15,33.9,18.3,0,0,32.88,0
08/02/15,32.2,18.3,0,0,33.22,0
08/03/15,35,20.6,0,0,33.22,0
08/04/15,35,22.8,0,0,33.66,0
08/05/15,36.1,22.8,0,0,33.78,0
08/06/15,35,21.7,0,0,34.44,0
08/07/15,23.9,21.1,0,0,34.66,0
08/08/15,29.4,18.9,0,0,33,0
08/09/15,31.7,17.8,0,0,31.88,0
08/10/15,29.4,21.7,0,0,31.22,0
08/11/15,30.6,20.6,0,0,29.88,0
08/12/15,30.6,18.3,0,0,29,0
08/13/15,31.1,17.2,0,0,30.34,0
08/14/15,31.1,18.3,0,0,30.68,0
08/15/15,32.8,18.9,0,0,30.56,0
08/16/15,33.3,20.6,0,0,31.24,0
08/17/15,35,20.6,0,0,31.78,0
08/18/15,29.4,23.3,0,0,32.66,0
08/19/15,31.7,22.2,0,0,32.32,0
08/20/15,32.2,22.2,0,0,32.44,0
08/21/15,31.1,21.1,0,0,32.32,0
08/22/15,30.6,18.9,0,0,31.88,0
08/23/15,30.6,16.1,0,0,31,0
08/24/15,33.3,22.2,0,0,31.24,0
08/25/15,31.7,22.2,0,0,31.56,0
08/26/15,27.8,20.6,0,0,31.46,0
08/27/15,28.9,18.3,0,0,30.8,0
08/28/15,30.6,15.6,0,0,30.46,0
08/29/15,30,15.6,0,0,30.46,0
08/30/15,30,17.2,0,0,29.8,0
08/31/15,25,19.4,0,0,29.46,0
